filename,label,destination_slug,destination_name,province,path
an-giang-01.jpg,an-giang,an-giang,An Giang,An Giang,dataset/an-giang/an-giang-01.jpg
an-giang-02.jpg,an-giang,an-giang,An Giang,An Giang,dataset/an-giang/an-giang-02.jpg
an-giang-03.jpg,an-giang,an-giang,An Giang,An Giang,dataset/an-giang/an-giang-03.jpg
an-giang-04.jpg,an-giang,an-giang,An Giang,An Giang,dataset/an-giang/an-giang-04.jpg
an-giang-05.jpg,an-giang,an-giang,An Giang,An Giang,dataset/an-giang/an-giang-05.jpg
an-giang-06.jpg,an-giang,an-giang,An Giang,An Giang,dataset/an-giang/an-giang-06.jpg
an-giang-07.jpg,an-giang,an-giang,An Giang,An Giang,dataset/an-giang/an-giang-07.jpg
an-giang-08.jpg,an-giang,an-giang,An Giang,An Giang,dataset/an-giang/an-giang-08.jpg
an-giang-09.jpg,an-giang,an-giang,An Giang,An Giang,dataset/an-giang/an-giang-09.jpg
an-giang-10.jpg,an-giang,an-giang,An Giang,An Giang,dataset/an-giang/an-giang-10.jpg
an-giang-11.jpg,an-giang,an-giang,An Giang,An Giang,dataset/an-giang/an-giang-11.jpg
an-giang-12.jpg,an-giang,an-giang,An Giang,An Giang,dataset/an-giang/an-giang-12.jpg
an-giang-13.jpg,an-giang,an-giang,An Giang,An Giang,dataset/an-giang/an-giang-13.jpg
an-giang-14.jpg,an-giang,an-giang,An Giang,An Giang,dataset/an-giang/an-giang-14.jpg
an-giang-15.jpg,an-giang,an-giang,An Giang,An Giang,dataset/an-giang/an-giang-15.jpg
an-giang-16.jpg,an-giang,an-giang,An Giang,An Giang,dataset/an-giang/an-giang-16.jpg
an-giang-17.jpg,an-giang,an-giang,An Giang,An Giang,dataset/an-giang/an-giang-17.jpg
an-giang-18.jpg,an-giang,an-giang,An Giang,An Giang,dataset/an-giang/an-giang-18.jpg
an-giang-19.jpg,an-giang,an-giang,An Giang,An Giang,dataset/an-giang/an-giang-19.jpg
an-giang-20.jpg,an-giang,an-giang,An Giang,An Giang,dataset/an-giang/an-giang-20.jpg
an-giang-21.jpg,an-giang,an-giang,An Giang,An Giang,dataset/an-giang/an-giang-21.jpg
an-giang-22.jpg,an-giang,an-giang,An Giang,An Giang,dataset/an-giang/an-giang-22.jpg
an-giang-23.jpg,an-giang,an-giang,An Giang,An Giang,dataset/an-giang/an-giang-23.jpg
an-giang-24.jpg,an-giang,an-giang,An Giang,An Giang,dataset/an-giang/an-giang-24.jpg
an-giang-25.jpg,an-giang,an-giang,An Giang,An Giang,dataset/an-giang/an-giang-25.jpg
an-giang-26.jpg,an-giang,an-giang,An Giang,An Giang,dataset/an-giang/an-giang-26.jpg
an-giang-27.jpg,an-giang,an-giang,An Giang,An Giang,dataset/an-giang/an-giang-27.jpg
an-giang-28.jpg,an-giang,an-giang,An Giang,An Giang,dataset/an-giang/an-giang-28.jpg
an-giang-29.jpg,an-giang,an-giang,An Giang,An Giang,dataset/an-giang/an-giang-29.jpg
an-giang-30.jpg,an-giang,an-giang,An Giang,An Giang,dataset/an-giang/an-giang-30.jpg
an-giang-31.jpg,an-giang,an-giang,An Giang,An Giang,dataset/an-giang/an-giang-31.jpg
an-giang-32.jpg,an-giang,an-giang,An Giang,An Giang,dataset/an-giang/an-giang-32.jpg
an-giang-33.jpg,an-giang,an-giang,An Giang,An Giang,dataset/an-giang/an-giang-33.jpg
an-giang-34.jpg,an-giang,an-giang,An Giang,An Giang,dataset/an-giang/an-giang-34.jpg
an-giang-35.jpg,an-giang,an-giang,An Giang,An Giang,dataset/an-giang/an-giang-35.jpg
an-giang-36.jpg,an-giang,an-giang,An Giang,An Giang,dataset/an-giang/an-giang-36.jpg
an-giang-37.jpg,an-giang,an-giang,An Giang,An Giang,dataset/an-giang/an-giang-37.jpg
an-giang-38.jpg,an-giang,an-giang,An Giang,An Giang,dataset/an-giang/an-giang-38.jpg
an-giang-39.jpg,an-giang,an-giang,An Giang,An Giang,dataset/an-giang/an-giang-39.jpg
an-giang-40.jpg,an-giang,an-giang,An Giang,An Giang,dataset/an-giang/an-giang-40.jpg
an-giang-41.jpg,an-giang,an-giang,An Giang,An Giang,dataset/an-giang/an-giang-41.jpg
an-giang-42.jpg,an-giang,an-giang,An Giang,An Giang,dataset/an-giang/an-giang-42.jpg
an-giang-43.jpg,an-giang,an-giang,An Giang,An Giang,dataset/an-giang/an-giang-43.jpg
an-giang-44.jpg,an-giang,an-giang,An Giang,An Giang,dataset/an-giang/an-giang-44.jpg
an-giang-45.jpg,an-giang,an-giang,An Giang,An Giang,dataset/an-giang/an-giang-45.jpg
an-giang-46.jpg,an-giang,an-giang,An Giang,An Giang,dataset/an-giang/an-giang-46.jpg
an-giang-47.jpg,an-giang,an-giang,An Giang,An Giang,dataset/an-giang/an-giang-47.jpg
an-giang-48.jpg,an-giang,an-giang,An Giang,An Giang,dataset/an-giang/an-giang-48.jpg
an-giang-49.jpg,an-giang,an-giang,An Giang,An Giang,dataset/an-giang/an-giang-49.jpg
an-giang-50.jpg,an-giang,an-giang,An Giang,An Giang,dataset/an-giang/an-giang-50.jpg
an-giang-51.jpg,an-giang,an-giang,An Giang,An Giang,dataset/an-giang/an-giang-51.jpg
an-giang-52.jpg,an-giang,an-giang,An Giang,An Giang,dataset/an-giang/an-giang-52.jpg
an-giang-53.jpg,an-giang,an-giang,An Giang,An Giang,dataset/an-giang/an-giang-53.jpg
an-giang-54.jpg,an-giang,an-giang,An Giang,An Giang,dataset/an-giang/an-giang-54.jpg
an-giang-55.jpg,an-giang,an-giang,An Giang,An Giang,dataset/an-giang/an-giang-55.jpg
an-giang-56.jpg,an-giang,an-giang,An Giang,An Giang,dataset/an-giang/an-giang-56.jpg
an-giang-57.jpg,an-giang,an-giang,An Giang,An Giang,dataset/an-giang/an-giang-57.jpg
an-giang-58.jpg,an-giang,an-giang,An Giang,An Giang,dataset/an-giang/an-giang-58.jpg
an-giang-59.jpg,an-giang,an-giang,An Giang,An Giang,dataset/an-giang/an-giang-59.jpg
an-giang-60.jpg,an-giang,an-giang,An Giang,An Giang,dataset/an-giang/an-giang-60.jpg
buon-ma-thuot-01.jpg,buon-ma-thuot,buon-ma-thuot,Buôn Ma Thuột,Đắk Lắk,dataset/buon-ma-thuot/buon-ma-thuot-01.jpg
buon-ma-thuot-02.jpg,buon-ma-thuot,buon-ma-thuot,Buôn Ma Thuột,Đắk Lắk,dataset/buon-ma-thuot/buon-ma-thuot-02.jpg
buon-ma-thuot-03.jpg,buon-ma-thuot,buon-ma-thuot,Buôn Ma Thuột,Đắk Lắk,dataset/buon-ma-thuot/buon-ma-thuot-03.jpg
buon-ma-thuot-04.jpg,buon-ma-thuot,buon-ma-thuot,Buôn Ma Thuột,Đắk Lắk,dataset/buon-ma-thuot/buon-ma-thuot-04.jpg
buon-ma-thuot-05.jpg,buon-ma-thuot,buon-ma-thuot,Buôn Ma Thuột,Đắk Lắk,dataset/buon-ma-thuot/buon-ma-thuot-05.jpg
buon-ma-thuot-06.jpg,buon-ma-thuot,buon-ma-thuot,Buôn Ma Thuột,Đắk Lắk,dataset/buon-ma-thuot/buon-ma-thuot-06.jpg
buon-ma-thuot-07.jpg,buon-ma-thuot,buon-ma-thuot,Buôn Ma Thuột,Đắk Lắk,dataset/buon-ma-thuot/buon-ma-thuot-07.jpg
buon-ma-thuot-08.jpg,buon-ma-thuot,buon-ma-thuot,Buôn Ma Thuột,Đắk Lắk,dataset/buon-ma-thuot/buon-ma-thuot-08.jpg
buon-ma-thuot-09.jpg,buon-ma-thuot,buon-ma-thuot,Buôn Ma Thuột,Đắk Lắk,dataset/buon-ma-thuot/buon-ma-thuot-09.jpg
buon-ma-thuot-10.jpg,buon-ma-thuot,buon-ma-thuot,Buôn Ma Thuột,Đắk Lắk,dataset/buon-ma-thuot/buon-ma-thuot-10.jpg
buon-ma-thuot-11.jpg,buon-ma-thuot,buon-ma-thuot,Buôn Ma Thuột,Đắk Lắk,dataset/buon-ma-thuot/buon-ma-thuot-11.jpg
buon-ma-thuot-12.jpg,buon-ma-thuot,buon-ma-thuot,Buôn Ma Thuột,Đắk Lắk,dataset/buon-ma-thuot/buon-ma-thuot-12.jpg
buon-ma-thuot-13.jpg,buon-ma-thuot,buon-ma-thuot,Buôn Ma Thuột,Đắk Lắk,dataset/buon-ma-thuot/buon-ma-thuot-13.jpg
buon-ma-thuot-14.jpg,buon-ma-thuot,buon-ma-thuot,Buôn Ma Thuột,Đắk Lắk,dataset/buon-ma-thuot/buon-ma-thuot-14.jpg
buon-ma-thuot-15.jpg,buon-ma-thuot,buon-ma-thuot,Buôn Ma Thuột,Đắk Lắk,dataset/buon-ma-thuot/buon-ma-thuot-15.jpg
buon-ma-thuot-16.jpg,buon-ma-thuot,buon-ma-thuot,Buôn Ma Thuột,Đắk Lắk,dataset/buon-ma-thuot/buon-ma-thuot-16.jpg
buon-ma-thuot-17.jpg,buon-ma-thuot,buon-ma-thuot,Buôn Ma Thuột,Đắk Lắk,dataset/buon-ma-thuot/buon-ma-thuot-17.jpg
buon-ma-thuot-18.jpg,buon-ma-thuot,buon-ma-thuot,Buôn Ma Thuột,Đắk Lắk,dataset/buon-ma-thuot/buon-ma-thuot-18.jpg
buon-ma-thuot-19.jpg,buon-ma-thuot,buon-ma-thuot,Buôn Ma Thuột,Đắk Lắk,dataset/buon-ma-thuot/buon-ma-thuot-19.jpg
buon-ma-thuot-20.jpg,buon-ma-thuot,buon-ma-thuot,Buôn Ma Thuột,Đắk Lắk,dataset/buon-ma-thuot/buon-ma-thuot-20.jpg
buon-ma-thuot-21.jpg,buon-ma-thuot,buon-ma-thuot,Buôn Ma Thuột,Đắk Lắk,dataset/buon-ma-thuot/buon-ma-thuot-21.jpg
buon-ma-thuot-22.jpg,buon-ma-thuot,buon-ma-thuot,Buôn Ma Thuột,Đắk Lắk,dataset/buon-ma-thuot/buon-ma-thuot-22.jpg
buon-ma-thuot-23.jpg,buon-ma-thuot,buon-ma-thuot,Buôn Ma Thuột,Đắk Lắk,dataset/buon-ma-thuot/buon-ma-thuot-23.jpg
buon-ma-thuot-24.jpg,buon-ma-thuot,buon-ma-thuot,Buôn Ma Thuột,Đắk Lắk,dataset/buon-ma-thuot/buon-ma-thuot-24.jpg
buon-ma-thuot-25.jpg,buon-ma-thuot,buon-ma-thuot,Buôn Ma Thuột,Đắk Lắk,dataset/buon-ma-thuot/buon-ma-thuot-25.jpg
buon-ma-thuot-26.jpg,buon-ma-thuot,buon-ma-thuot,Buôn Ma Thuột,Đắk Lắk,dataset/buon-ma-thuot/buon-ma-thuot-26.jpg
buon-ma-thuot-27.jpg,buon-ma-thuot,buon-ma-thuot,Buôn Ma Thuột,Đắk Lắk,dataset/buon-ma-thuot/buon-ma-thuot-27.jpg
buon-ma-thuot-28.jpg,buon-ma-thuot,buon-ma-thuot,Buôn Ma Thuột,Đắk Lắk,dataset/buon-ma-thuot/buon-ma-thuot-28.jpg
buon-ma-thuot-29.jpg,buon-ma-thuot,buon-ma-thuot,Buôn Ma Thuột,Đắk Lắk,dataset/buon-ma-thuot/buon-ma-thuot-29.jpg
buon-ma-thuot-30.jpg,buon-ma-thuot,buon-ma-thuot,Buôn Ma Thuột,Đắk Lắk,dataset/buon-ma-thuot/buon-ma-thuot-30.jpg
buon-ma-thuot-31.jpg,buon-ma-thuot,buon-ma-thuot,Buôn Ma Thuột,Đắk Lắk,dataset/buon-ma-thuot/buon-ma-thuot-31.jpg
buon-ma-thuot-32.jpg,buon-ma-thuot,buon-ma-thuot,Buôn Ma Thuột,Đắk Lắk,dataset/buon-ma-thuot/buon-ma-thuot-32.jpg
buon-ma-thuot-33.jpg,buon-ma-thuot,buon-ma-thuot,Buôn Ma Thuột,Đắk Lắk,dataset/buon-ma-thuot/buon-ma-thuot-33.jpg
buon-ma-thuot-34.jpg,buon-ma-thuot,buon-ma-thuot,Buôn Ma Thuột,Đắk Lắk,dataset/buon-ma-thuot/buon-ma-thuot-34.jpg
buon-ma-thuot-35.jpg,buon-ma-thuot,buon-ma-thuot,Buôn Ma Thuột,Đắk Lắk,dataset/buon-ma-thuot/buon-ma-thuot-35.jpg
buon-ma-thuot-36.jpg,buon-ma-thuot,buon-ma-thuot,Buôn Ma Thuột,Đắk Lắk,dataset/buon-ma-thuot/buon-ma-thuot-36.jpg
buon-ma-thuot-37.jpg,buon-ma-thuot,buon-ma-thuot,Buôn Ma Thuột,Đắk Lắk,dataset/buon-ma-thuot/buon-ma-thuot-37.jpg
buon-ma-thuot-38.jpg,buon-ma-thuot,buon-ma-thuot,Buôn Ma Thuột,Đắk Lắk,dataset/buon-ma-thuot/buon-ma-thuot-38.jpg
buon-ma-thuot-39.jpg,buon-ma-thuot,buon-ma-thuot,Buôn Ma Thuột,Đắk Lắk,dataset/buon-ma-thuot/buon-ma-thuot-39.jpg
buon-ma-thuot-40.jpg,buon-ma-thuot,buon-ma-thuot,Buôn Ma Thuột,Đắk Lắk,dataset/buon-ma-thuot/buon-ma-thuot-40.jpg
buon-ma-thuot-41.jpg,buon-ma-thuot,buon-ma-thuot,Buôn Ma Thuột,Đắk Lắk,dataset/buon-ma-thuot/buon-ma-thuot-41.jpg
buon-ma-thuot-42.jpg,buon-ma-thuot,buon-ma-thuot,Buôn Ma Thuột,Đắk Lắk,dataset/buon-ma-thuot/buon-ma-thuot-42.jpg
buon-ma-thuot-43.jpg,buon-ma-thuot,buon-ma-thuot,Buôn Ma Thuột,Đắk Lắk,dataset/buon-ma-thuot/buon-ma-thuot-43.jpg
buon-ma-thuot-44.jpg,buon-ma-thuot,buon-ma-thuot,Buôn Ma Thuột,Đắk Lắk,dataset/buon-ma-thuot/buon-ma-thuot-44.jpg
buon-ma-thuot-45.jpg,buon-ma-thuot,buon-ma-thuot,Buôn Ma Thuột,Đắk Lắk,dataset/buon-ma-thuot/buon-ma-thuot-45.jpg
buon-ma-thuot-46.jpg,buon-ma-thuot,buon-ma-thuot,Buôn Ma Thuột,Đắk Lắk,dataset/buon-ma-thuot/buon-ma-thuot-46.jpg
buon-ma-thuot-47.jpg,buon-ma-thuot,buon-ma-thuot,Buôn Ma Thuột,Đắk Lắk,dataset/buon-ma-thuot/buon-ma-thuot-47.jpg
buon-ma-thuot-48.jpg,buon-ma-thuot,buon-ma-thuot,Buôn Ma Thuột,Đắk Lắk,dataset/buon-ma-thuot/buon-ma-thuot-48.jpg
buon-ma-thuot-49.jpg,buon-ma-thuot,buon-ma-thuot,Buôn Ma Thuột,Đắk Lắk,dataset/buon-ma-thuot/buon-ma-thuot-49.jpg
buon-ma-thuot-50.jpg,buon-ma-thuot,buon-ma-thuot,Buôn Ma Thuột,Đắk Lắk,dataset/buon-ma-thuot/buon-ma-thuot-50.jpg
buon-ma-thuot-51.jpg,buon-ma-thuot,buon-ma-thuot,Buôn Ma Thuột,Đắk Lắk,dataset/buon-ma-thuot/buon-ma-thuot-51.jpg
buon-ma-thuot-52.jpg,buon-ma-thuot,buon-ma-thuot,Buôn Ma Thuột,Đắk Lắk,dataset/buon-ma-thuot/buon-ma-thuot-52.jpg
buon-ma-thuot-53.jpg,buon-ma-thuot,buon-ma-thuot,Buôn Ma Thuột,Đắk Lắk,dataset/buon-ma-thuot/buon-ma-thuot-53.jpg
buon-ma-thuot-54.jpg,buon-ma-thuot,buon-ma-thuot,Buôn Ma Thuột,Đắk Lắk,dataset/buon-ma-thuot/buon-ma-thuot-54.jpg
buon-ma-thuot-55.jpg,buon-ma-thuot,buon-ma-thuot,Buôn Ma Thuột,Đắk Lắk,dataset/buon-ma-thuot/buon-ma-thuot-55.jpg
buon-ma-thuot-56.jpg,buon-ma-thuot,buon-ma-thuot,Buôn Ma Thuột,Đắk Lắk,dataset/buon-ma-thuot/buon-ma-thuot-56.jpg
buon-ma-thuot-57.jpg,buon-ma-thuot,buon-ma-thuot,Buôn Ma Thuột,Đắk Lắk,dataset/buon-ma-thuot/buon-ma-thuot-57.jpg
buon-ma-thuot-58.jpg,buon-ma-thuot,buon-ma-thuot,Buôn Ma Thuột,Đắk Lắk,dataset/buon-ma-thuot/buon-ma-thuot-58.jpg
buon-ma-thuot-59.jpg,buon-ma-thuot,buon-ma-thuot,Buôn Ma Thuột,Đắk Lắk,dataset/buon-ma-thuot/buon-ma-thuot-59.jpg
buon-ma-thuot-60.jpg,buon-ma-thuot,buon-ma-thuot,Buôn Ma Thuột,Đắk Lắk,dataset/buon-ma-thuot/buon-ma-thuot-60.jpg
ca-mau-01.jpg,ca-mau,ca-mau,Cà Mau,Cà Mau,dataset/ca-mau/ca-mau-01.jpg
ca-mau-02.jpg,ca-mau,ca-mau,Cà Mau,Cà Mau,dataset/ca-mau/ca-mau-02.jpg
ca-mau-03.jpg,ca-mau,ca-mau,Cà Mau,Cà Mau,dataset/ca-mau/ca-mau-03.jpg
ca-mau-04.jpg,ca-mau,ca-mau,Cà Mau,Cà Mau,dataset/ca-mau/ca-mau-04.jpg
ca-mau-05.jpg,ca-mau,ca-mau,Cà Mau,Cà Mau,dataset/ca-mau/ca-mau-05.jpg
ca-mau-06.jpg,ca-mau,ca-mau,Cà Mau,Cà Mau,dataset/ca-mau/ca-mau-06.jpg
ca-mau-07.jpg,ca-mau,ca-mau,Cà Mau,Cà Mau,dataset/ca-mau/ca-mau-07.jpg
ca-mau-08.jpg,ca-mau,ca-mau,Cà Mau,Cà Mau,dataset/ca-mau/ca-mau-08.jpg
ca-mau-09.jpg,ca-mau,ca-mau,Cà Mau,Cà Mau,dataset/ca-mau/ca-mau-09.jpg
ca-mau-10.jpg,ca-mau,ca-mau,Cà Mau,Cà Mau,dataset/ca-mau/ca-mau-10.jpg
ca-mau-11.jpg,ca-mau,ca-mau,Cà Mau,Cà Mau,dataset/ca-mau/ca-mau-11.jpg
ca-mau-12.jpg,ca-mau,ca-mau,Cà Mau,Cà Mau,dataset/ca-mau/ca-mau-12.jpg
ca-mau-13.jpg,ca-mau,ca-mau,Cà Mau,Cà Mau,dataset/ca-mau/ca-mau-13.jpg
ca-mau-14.jpg,ca-mau,ca-mau,Cà Mau,Cà Mau,dataset/ca-mau/ca-mau-14.jpg
ca-mau-15.jpg,ca-mau,ca-mau,Cà Mau,Cà Mau,dataset/ca-mau/ca-mau-15.jpg
ca-mau-16.jpg,ca-mau,ca-mau,Cà Mau,Cà Mau,dataset/ca-mau/ca-mau-16.jpg
ca-mau-17.jpg,ca-mau,ca-mau,Cà Mau,Cà Mau,dataset/ca-mau/ca-mau-17.jpg
ca-mau-18.jpg,ca-mau,ca-mau,Cà Mau,Cà Mau,dataset/ca-mau/ca-mau-18.jpg
ca-mau-19.jpg,ca-mau,ca-mau,Cà Mau,Cà Mau,dataset/ca-mau/ca-mau-19.jpg
ca-mau-20.jpg,ca-mau,ca-mau,Cà Mau,Cà Mau,dataset/ca-mau/ca-mau-20.jpg
ca-mau-21.jpg,ca-mau,ca-mau,Cà Mau,Cà Mau,dataset/ca-mau/ca-mau-21.jpg
ca-mau-22.jpg,ca-mau,ca-mau,Cà Mau,Cà Mau,dataset/ca-mau/ca-mau-22.jpg
ca-mau-23.jpg,ca-mau,ca-mau,Cà Mau,Cà Mau,dataset/ca-mau/ca-mau-23.jpg
ca-mau-24.jpg,ca-mau,ca-mau,Cà Mau,Cà Mau,dataset/ca-mau/ca-mau-24.jpg
ca-mau-25.jpg,ca-mau,ca-mau,Cà Mau,Cà Mau,dataset/ca-mau/ca-mau-25.jpg
ca-mau-26.jpg,ca-mau,ca-mau,Cà Mau,Cà Mau,dataset/ca-mau/ca-mau-26.jpg
ca-mau-27.jpg,ca-mau,ca-mau,Cà Mau,Cà Mau,dataset/ca-mau/ca-mau-27.jpg
ca-mau-28.jpg,ca-mau,ca-mau,Cà Mau,Cà Mau,dataset/ca-mau/ca-mau-28.jpg
ca-mau-29.jpg,ca-mau,ca-mau,Cà Mau,Cà Mau,dataset/ca-mau/ca-mau-29.jpg
ca-mau-30.jpg,ca-mau,ca-mau,Cà Mau,Cà Mau,dataset/ca-mau/ca-mau-30.jpg
ca-mau-31.jpg,ca-mau,ca-mau,Cà Mau,Cà Mau,dataset/ca-mau/ca-mau-31.jpg
ca-mau-32.jpg,ca-mau,ca-mau,Cà Mau,Cà Mau,dataset/ca-mau/ca-mau-32.jpg
ca-mau-33.jpg,ca-mau,ca-mau,Cà Mau,Cà Mau,dataset/ca-mau/ca-mau-33.jpg
ca-mau-34.jpg,ca-mau,ca-mau,Cà Mau,Cà Mau,dataset/ca-mau/ca-mau-34.jpg
ca-mau-35.jpg,ca-mau,ca-mau,Cà Mau,Cà Mau,dataset/ca-mau/ca-mau-35.jpg
ca-mau-36.jpg,ca-mau,ca-mau,Cà Mau,Cà Mau,dataset/ca-mau/ca-mau-36.jpg
ca-mau-37.jpg,ca-mau,ca-mau,Cà Mau,Cà Mau,dataset/ca-mau/ca-mau-37.jpg
ca-mau-38.jpg,ca-mau,ca-mau,Cà Mau,Cà Mau,dataset/ca-mau/ca-mau-38.jpg
ca-mau-39.jpg,ca-mau,ca-mau,Cà Mau,Cà Mau,dataset/ca-mau/ca-mau-39.jpg
ca-mau-40.jpg,ca-mau,ca-mau,Cà Mau,Cà Mau,dataset/ca-mau/ca-mau-40.jpg
ca-mau-41.jpg,ca-mau,ca-mau,Cà Mau,Cà Mau,dataset/ca-mau/ca-mau-41.jpg
ca-mau-42.jpg,ca-mau,ca-mau,Cà Mau,Cà Mau,dataset/ca-mau/ca-mau-42.jpg
ca-mau-43.jpg,ca-mau,ca-mau,Cà Mau,Cà Mau,dataset/ca-mau/ca-mau-43.jpg
ca-mau-44.jpg,ca-mau,ca-mau,Cà Mau,Cà Mau,dataset/ca-mau/ca-mau-44.jpg
ca-mau-45.jpg,ca-mau,ca-mau,Cà Mau,Cà Mau,dataset/ca-mau/ca-mau-45.jpg
ca-mau-46.jpg,ca-mau,ca-mau,Cà Mau,Cà Mau,dataset/ca-mau/ca-mau-46.jpg
ca-mau-47.jpg,ca-mau,ca-mau,Cà Mau,Cà Mau,dataset/ca-mau/ca-mau-47.jpg
ca-mau-48.jpg,ca-mau,ca-mau,Cà Mau,Cà Mau,dataset/ca-mau/ca-mau-48.jpg
ca-mau-49.jpg,ca-mau,ca-mau,Cà Mau,Cà Mau,dataset/ca-mau/ca-mau-49.jpg
ca-mau-50.jpg,ca-mau,ca-mau,Cà Mau,Cà Mau,dataset/ca-mau/ca-mau-50.jpg
ca-mau-51.jpg,ca-mau,ca-mau,Cà Mau,Cà Mau,dataset/ca-mau/ca-mau-51.jpg
ca-mau-52.jpg,ca-mau,ca-mau,Cà Mau,Cà Mau,dataset/ca-mau/ca-mau-52.jpg
ca-mau-53.jpg,ca-mau,ca-mau,Cà Mau,Cà Mau,dataset/ca-mau/ca-mau-53.jpg
ca-mau-54.jpg,ca-mau,ca-mau,Cà Mau,Cà Mau,dataset/ca-mau/ca-mau-54.jpg
ca-mau-55.jpg,ca-mau,ca-mau,Cà Mau,Cà Mau,dataset/ca-mau/ca-mau-55.jpg
ca-mau-56.jpg,ca-mau,ca-mau,Cà Mau,Cà Mau,dataset/ca-mau/ca-mau-56.jpg
ca-mau-57.jpg,ca-mau,ca-mau,Cà Mau,Cà Mau,dataset/ca-mau/ca-mau-57.jpg
ca-mau-58.jpg,ca-mau,ca-mau,Cà Mau,Cà Mau,dataset/ca-mau/ca-mau-58.jpg
ca-mau-59.jpg,ca-mau,ca-mau,Cà Mau,Cà Mau,dataset/ca-mau/ca-mau-59.jpg
ca-mau-60.jpg,ca-mau,ca-mau,Cà Mau,Cà Mau,dataset/ca-mau/ca-mau-60.jpg
can-tho-01.jpg,can-tho,can-tho,Cần Thơ,Cần Thơ,dataset/can-tho/can-tho-01.jpg
can-tho-02.jpg,can-tho,can-tho,Cần Thơ,Cần Thơ,dataset/can-tho/can-tho-02.jpg
can-tho-03.jpg,can-tho,can-tho,Cần Thơ,Cần Thơ,dataset/can-tho/can-tho-03.jpg
can-tho-04.jpg,can-tho,can-tho,Cần Thơ,Cần Thơ,dataset/can-tho/can-tho-04.jpg
can-tho-05.jpg,can-tho,can-tho,Cần Thơ,Cần Thơ,dataset/can-tho/can-tho-05.jpg
can-tho-06.jpg,can-tho,can-tho,Cần Thơ,Cần Thơ,dataset/can-tho/can-tho-06.jpg
can-tho-07.jpg,can-tho,can-tho,Cần Thơ,Cần Thơ,dataset/can-tho/can-tho-07.jpg
can-tho-08.jpg,can-tho,can-tho,Cần Thơ,Cần Thơ,dataset/can-tho/can-tho-08.jpg
can-tho-09.jpg,can-tho,can-tho,Cần Thơ,Cần Thơ,dataset/can-tho/can-tho-09.jpg
can-tho-10.jpg,can-tho,can-tho,Cần Thơ,Cần Thơ,dataset/can-tho/can-tho-10.jpg
can-tho-11.jpg,can-tho,can-tho,Cần Thơ,Cần Thơ,dataset/can-tho/can-tho-11.jpg
can-tho-12.jpg,can-tho,can-tho,Cần Thơ,Cần Thơ,dataset/can-tho/can-tho-12.jpg
can-tho-13.jpg,can-tho,can-tho,Cần Thơ,Cần Thơ,dataset/can-tho/can-tho-13.jpg
can-tho-14.jpg,can-tho,can-tho,Cần Thơ,Cần Thơ,dataset/can-tho/can-tho-14.jpg
can-tho-15.jpg,can-tho,can-tho,Cần Thơ,Cần Thơ,dataset/can-tho/can-tho-15.jpg
can-tho-16.jpg,can-tho,can-tho,Cần Thơ,Cần Thơ,dataset/can-tho/can-tho-16.jpg
can-tho-17.jpg,can-tho,can-tho,Cần Thơ,Cần Thơ,dataset/can-tho/can-tho-17.jpg
can-tho-18.jpg,can-tho,can-tho,Cần Thơ,Cần Thơ,dataset/can-tho/can-tho-18.jpg
can-tho-19.jpg,can-tho,can-tho,Cần Thơ,Cần Thơ,dataset/can-tho/can-tho-19.jpg
can-tho-20.jpg,can-tho,can-tho,Cần Thơ,Cần Thơ,dataset/can-tho/can-tho-20.jpg
can-tho-21.jpg,can-tho,can-tho,Cần Thơ,Cần Thơ,dataset/can-tho/can-tho-21.jpg
can-tho-22.jpg,can-tho,can-tho,Cần Thơ,Cần Thơ,dataset/can-tho/can-tho-22.jpg
can-tho-23.jpg,can-tho,can-tho,Cần Thơ,Cần Thơ,dataset/can-tho/can-tho-23.jpg
can-tho-24.jpg,can-tho,can-tho,Cần Thơ,Cần Thơ,dataset/can-tho/can-tho-24.jpg
can-tho-25.jpg,can-tho,can-tho,Cần Thơ,Cần Thơ,dataset/can-tho/can-tho-25.jpg
can-tho-26.jpg,can-tho,can-tho,Cần Thơ,Cần Thơ,dataset/can-tho/can-tho-26.jpg
can-tho-27.jpg,can-tho,can-tho,Cần Thơ,Cần Thơ,dataset/can-tho/can-tho-27.jpg
can-tho-28.jpg,can-tho,can-tho,Cần Thơ,Cần Thơ,dataset/can-tho/can-tho-28.jpg
can-tho-29.jpg,can-tho,can-tho,Cần Thơ,Cần Thơ,dataset/can-tho/can-tho-29.jpg
can-tho-30.jpg,can-tho,can-tho,Cần Thơ,Cần Thơ,dataset/can-tho/can-tho-30.jpg
can-tho-31.jpg,can-tho,can-tho,Cần Thơ,Cần Thơ,dataset/can-tho/can-tho-31.jpg
can-tho-32.jpg,can-tho,can-tho,Cần Thơ,Cần Thơ,dataset/can-tho/can-tho-32.jpg
can-tho-33.jpg,can-tho,can-tho,Cần Thơ,Cần Thơ,dataset/can-tho/can-tho-33.jpg
can-tho-34.jpg,can-tho,can-tho,Cần Thơ,Cần Thơ,dataset/can-tho/can-tho-34.jpg
can-tho-35.jpg,can-tho,can-tho,Cần Thơ,Cần Thơ,dataset/can-tho/can-tho-35.jpg
can-tho-36.jpg,can-tho,can-tho,Cần Thơ,Cần Thơ,dataset/can-tho/can-tho-36.jpg
can-tho-37.jpg,can-tho,can-tho,Cần Thơ,Cần Thơ,dataset/can-tho/can-tho-37.jpg
can-tho-38.jpg,can-tho,can-tho,Cần Thơ,Cần Thơ,dataset/can-tho/can-tho-38.jpg
can-tho-39.jpg,can-tho,can-tho,Cần Thơ,Cần Thơ,dataset/can-tho/can-tho-39.jpg
can-tho-40.jpg,can-tho,can-tho,Cần Thơ,Cần Thơ,dataset/can-tho/can-tho-40.jpg
can-tho-41.jpg,can-tho,can-tho,Cần Thơ,Cần Thơ,dataset/can-tho/can-tho-41.jpg
can-tho-42.jpg,can-tho,can-tho,Cần Thơ,Cần Thơ,dataset/can-tho/can-tho-42.jpg
can-tho-43.jpg,can-tho,can-tho,Cần Thơ,Cần Thơ,dataset/can-tho/can-tho-43.jpg
can-tho-44.jpg,can-tho,can-tho,Cần Thơ,Cần Thơ,dataset/can-tho/can-tho-44.jpg
can-tho-45.jpg,can-tho,can-tho,Cần Thơ,Cần Thơ,dataset/can-tho/can-tho-45.jpg
can-tho-46.jpg,can-tho,can-tho,Cần Thơ,Cần Thơ,dataset/can-tho/can-tho-46.jpg
can-tho-47.jpg,can-tho,can-tho,Cần Thơ,Cần Thơ,dataset/can-tho/can-tho-47.jpg
can-tho-48.jpg,can-tho,can-tho,Cần Thơ,Cần Thơ,dataset/can-tho/can-tho-48.jpg
can-tho-49.jpg,can-tho,can-tho,Cần Thơ,Cần Thơ,dataset/can-tho/can-tho-49.jpg
can-tho-50.jpg,can-tho,can-tho,Cần Thơ,Cần Thơ,dataset/can-tho/can-tho-50.jpg
can-tho-51.jpg,can-tho,can-tho,Cần Thơ,Cần Thơ,dataset/can-tho/can-tho-51.jpg
can-tho-52.jpg,can-tho,can-tho,Cần Thơ,Cần Thơ,dataset/can-tho/can-tho-52.jpg
can-tho-53.jpg,can-tho,can-tho,Cần Thơ,Cần Thơ,dataset/can-tho/can-tho-53.jpg
can-tho-54.jpg,can-tho,can-tho,Cần Thơ,Cần Thơ,dataset/can-tho/can-tho-54.jpg
can-tho-55.jpg,can-tho,can-tho,Cần Thơ,Cần Thơ,dataset/can-tho/can-tho-55.jpg
can-tho-56.jpg,can-tho,can-tho,Cần Thơ,Cần Thơ,dataset/can-tho/can-tho-56.jpg
can-tho-57.jpg,can-tho,can-tho,Cần Thơ,Cần Thơ,dataset/can-tho/can-tho-57.jpg
can-tho-58.jpg,can-tho,can-tho,Cần Thơ,Cần Thơ,dataset/can-tho/can-tho-58.jpg
can-tho-59.jpg,can-tho,can-tho,Cần Thơ,Cần Thơ,dataset/can-tho/can-tho-59.jpg
can-tho-60.jpg,can-tho,can-tho,Cần Thơ,Cần Thơ,dataset/can-tho/can-tho-60.jpg
con-dao-01.jpg,con-dao,con-dao,Côn Đảo,Bà Rịa - Vũng Tàu,dataset/con-dao/con-dao-01.jpg
con-dao-02.jpg,con-dao,con-dao,Côn Đảo,Bà Rịa - Vũng Tàu,dataset/con-dao/con-dao-02.jpg
con-dao-03.jpg,con-dao,con-dao,Côn Đảo,Bà Rịa - Vũng Tàu,dataset/con-dao/con-dao-03.jpg
con-dao-04.jpg,con-dao,con-dao,Côn Đảo,Bà Rịa - Vũng Tàu,dataset/con-dao/con-dao-04.jpg
con-dao-05.jpg,con-dao,con-dao,Côn Đảo,Bà Rịa - Vũng Tàu,dataset/con-dao/con-dao-05.jpg
con-dao-06.jpg,con-dao,con-dao,Côn Đảo,Bà Rịa - Vũng Tàu,dataset/con-dao/con-dao-06.jpg
con-dao-07.jpg,con-dao,con-dao,Côn Đảo,Bà Rịa - Vũng Tàu,dataset/con-dao/con-dao-07.jpg
con-dao-08.jpg,con-dao,con-dao,Côn Đảo,Bà Rịa - Vũng Tàu,dataset/con-dao/con-dao-08.jpg
con-dao-09.jpg,con-dao,con-dao,Côn Đảo,Bà Rịa - Vũng Tàu,dataset/con-dao/con-dao-09.jpg
con-dao-10.jpg,con-dao,con-dao,Côn Đảo,Bà Rịa - Vũng Tàu,dataset/con-dao/con-dao-10.jpg
con-dao-11.jpg,con-dao,con-dao,Côn Đảo,Bà Rịa - Vũng Tàu,dataset/con-dao/con-dao-11.jpg
con-dao-12.jpg,con-dao,con-dao,Côn Đảo,Bà Rịa - Vũng Tàu,dataset/con-dao/con-dao-12.jpg
con-dao-13.jpg,con-dao,con-dao,Côn Đảo,Bà Rịa - Vũng Tàu,dataset/con-dao/con-dao-13.jpg
con-dao-14.jpg,con-dao,con-dao,Côn Đảo,Bà Rịa - Vũng Tàu,dataset/con-dao/con-dao-14.jpg
con-dao-15.jpg,con-dao,con-dao,Côn Đảo,Bà Rịa - Vũng Tàu,dataset/con-dao/con-dao-15.jpg
con-dao-16.jpg,con-dao,con-dao,Côn Đảo,Bà Rịa - Vũng Tàu,dataset/con-dao/con-dao-16.jpg
con-dao-17.jpg,con-dao,con-dao,Côn Đảo,Bà Rịa - Vũng Tàu,dataset/con-dao/con-dao-17.jpg
con-dao-18.jpg,con-dao,con-dao,Côn Đảo,Bà Rịa - Vũng Tàu,dataset/con-dao/con-dao-18.jpg
con-dao-19.jpg,con-dao,con-dao,Côn Đảo,Bà Rịa - Vũng Tàu,dataset/con-dao/con-dao-19.jpg
con-dao-20.jpg,con-dao,con-dao,Côn Đảo,Bà Rịa - Vũng Tàu,dataset/con-dao/con-dao-20.jpg
con-dao-21.jpg,con-dao,con-dao,Côn Đảo,Bà Rịa - Vũng Tàu,dataset/con-dao/con-dao-21.jpg
con-dao-22.jpg,con-dao,con-dao,Côn Đảo,Bà Rịa - Vũng Tàu,dataset/con-dao/con-dao-22.jpg
con-dao-23.jpg,con-dao,con-dao,Côn Đảo,Bà Rịa - Vũng Tàu,dataset/con-dao/con-dao-23.jpg
con-dao-24.jpg,con-dao,con-dao,Côn Đảo,Bà Rịa - Vũng Tàu,dataset/con-dao/con-dao-24.jpg
con-dao-25.jpg,con-dao,con-dao,Côn Đảo,Bà Rịa - Vũng Tàu,dataset/con-dao/con-dao-25.jpg
con-dao-26.jpg,con-dao,con-dao,Côn Đảo,Bà Rịa - Vũng Tàu,dataset/con-dao/con-dao-26.jpg
con-dao-27.jpg,con-dao,con-dao,Côn Đảo,Bà Rịa - Vũng Tàu,dataset/con-dao/con-dao-27.jpg
con-dao-28.jpg,con-dao,con-dao,Côn Đảo,Bà Rịa - Vũng Tàu,dataset/con-dao/con-dao-28.jpg
con-dao-29.jpg,con-dao,con-dao,Côn Đảo,Bà Rịa - Vũng Tàu,dataset/con-dao/con-dao-29.jpg
con-dao-30.jpg,con-dao,con-dao,Côn Đảo,Bà Rịa - Vũng Tàu,dataset/con-dao/con-dao-30.jpg
con-dao-31.jpg,con-dao,con-dao,Côn Đảo,Bà Rịa - Vũng Tàu,dataset/con-dao/con-dao-31.jpg
con-dao-32.jpg,con-dao,con-dao,Côn Đảo,Bà Rịa - Vũng Tàu,dataset/con-dao/con-dao-32.jpg
con-dao-33.jpg,con-dao,con-dao,Côn Đảo,Bà Rịa - Vũng Tàu,dataset/con-dao/con-dao-33.jpg
con-dao-34.jpg,con-dao,con-dao,Côn Đảo,Bà Rịa - Vũng Tàu,dataset/con-dao/con-dao-34.jpg
con-dao-35.jpg,con-dao,con-dao,Côn Đảo,Bà Rịa - Vũng Tàu,dataset/con-dao/con-dao-35.jpg
con-dao-36.jpg,con-dao,con-dao,Côn Đảo,Bà Rịa - Vũng Tàu,dataset/con-dao/con-dao-36.jpg
con-dao-37.jpg,con-dao,con-dao,Côn Đảo,Bà Rịa - Vũng Tàu,dataset/con-dao/con-dao-37.jpg
con-dao-38.jpg,con-dao,con-dao,Côn Đảo,Bà Rịa - Vũng Tàu,dataset/con-dao/con-dao-38.jpg
con-dao-39.jpg,con-dao,con-dao,Côn Đảo,Bà Rịa - Vũng Tàu,dataset/con-dao/con-dao-39.jpg
con-dao-40.jpg,con-dao,con-dao,Côn Đảo,Bà Rịa - Vũng Tàu,dataset/con-dao/con-dao-40.jpg
con-dao-41.jpg,con-dao,con-dao,Côn Đảo,Bà Rịa - Vũng Tàu,dataset/con-dao/con-dao-41.jpg
con-dao-42.jpg,con-dao,con-dao,Côn Đảo,Bà Rịa - Vũng Tàu,dataset/con-dao/con-dao-42.jpg
con-dao-43.jpg,con-dao,con-dao,Côn Đảo,Bà Rịa - Vũng Tàu,dataset/con-dao/con-dao-43.jpg
con-dao-44.jpg,con-dao,con-dao,Côn Đảo,Bà Rịa - Vũng Tàu,dataset/con-dao/con-dao-44.jpg
con-dao-45.jpg,con-dao,con-dao,Côn Đảo,Bà Rịa - Vũng Tàu,dataset/con-dao/con-dao-45.jpg
con-dao-46.jpg,con-dao,con-dao,Côn Đảo,Bà Rịa - Vũng Tàu,dataset/con-dao/con-dao-46.jpg
con-dao-47.jpg,con-dao,con-dao,Côn Đảo,Bà Rịa - Vũng Tàu,dataset/con-dao/con-dao-47.jpg
con-dao-48.jpg,con-dao,con-dao,Côn Đảo,Bà Rịa - Vũng Tàu,dataset/con-dao/con-dao-48.jpg
con-dao-49.jpg,con-dao,con-dao,Côn Đảo,Bà Rịa - Vũng Tàu,dataset/con-dao/con-dao-49.jpg
con-dao-50.jpg,con-dao,con-dao,Côn Đảo,Bà Rịa - Vũng Tàu,dataset/con-dao/con-dao-50.jpg
con-dao-51.jpg,con-dao,con-dao,Côn Đảo,Bà Rịa - Vũng Tàu,dataset/con-dao/con-dao-51.jpg
con-dao-52.jpg,con-dao,con-dao,Côn Đảo,Bà Rịa - Vũng Tàu,dataset/con-dao/con-dao-52.jpg
con-dao-53.jpg,con-dao,con-dao,Côn Đảo,Bà Rịa - Vũng Tàu,dataset/con-dao/con-dao-53.jpg
con-dao-54.jpg,con-dao,con-dao,Côn Đảo,Bà Rịa - Vũng Tàu,dataset/con-dao/con-dao-54.jpg
con-dao-55.jpg,con-dao,con-dao,Côn Đảo,Bà Rịa - Vũng Tàu,dataset/con-dao/con-dao-55.jpg
con-dao-56.jpg,con-dao,con-dao,Côn Đảo,Bà Rịa - Vũng Tàu,dataset/con-dao/con-dao-56.jpg
con-dao-57.jpg,con-dao,con-dao,Côn Đảo,Bà Rịa - Vũng Tàu,dataset/con-dao/con-dao-57.jpg
con-dao-58.jpg,con-dao,con-dao,Côn Đảo,Bà Rịa - Vũng Tàu,dataset/con-dao/con-dao-58.jpg
con-dao-59.jpg,con-dao,con-dao,Côn Đảo,Bà Rịa - Vũng Tàu,dataset/con-dao/con-dao-59.jpg
con-dao-60.jpg,con-dao,con-dao,Côn Đảo,Bà Rịa - Vũng Tàu,dataset/con-dao/con-dao-60.jpg
da-lat-01.jpg,da-lat,da-lat,Đà Lạt,Lâm Đồng,dataset/da-lat/da-lat-01.jpg
da-lat-02.jpg,da-lat,da-lat,Đà Lạt,Lâm Đồng,dataset/da-lat/da-lat-02.jpg
da-lat-03.jpg,da-lat,da-lat,Đà Lạt,Lâm Đồng,dataset/da-lat/da-lat-03.jpg
da-lat-04.jpg,da-lat,da-lat,Đà Lạt,Lâm Đồng,dataset/da-lat/da-lat-04.jpg
da-lat-05.jpg,da-lat,da-lat,Đà Lạt,Lâm Đồng,dataset/da-lat/da-lat-05.jpg
da-lat-06.jpg,da-lat,da-lat,Đà Lạt,Lâm Đồng,dataset/da-lat/da-lat-06.jpg
da-lat-07.jpg,da-lat,da-lat,Đà Lạt,Lâm Đồng,dataset/da-lat/da-lat-07.jpg
da-lat-08.jpg,da-lat,da-lat,Đà Lạt,Lâm Đồng,dataset/da-lat/da-lat-08.jpg
da-lat-09.jpg,da-lat,da-lat,Đà Lạt,Lâm Đồng,dataset/da-lat/da-lat-09.jpg
da-lat-10.jpg,da-lat,da-lat,Đà Lạt,Lâm Đồng,dataset/da-lat/da-lat-10.jpg
da-lat-11.jpg,da-lat,da-lat,Đà Lạt,Lâm Đồng,dataset/da-lat/da-lat-11.jpg
da-lat-12.jpg,da-lat,da-lat,Đà Lạt,Lâm Đồng,dataset/da-lat/da-lat-12.jpg
da-lat-13.jpg,da-lat,da-lat,Đà Lạt,Lâm Đồng,dataset/da-lat/da-lat-13.jpg
da-lat-14.jpg,da-lat,da-lat,Đà Lạt,Lâm Đồng,dataset/da-lat/da-lat-14.jpg
da-lat-15.jpg,da-lat,da-lat,Đà Lạt,Lâm Đồng,dataset/da-lat/da-lat-15.jpg
da-lat-16.jpg,da-lat,da-lat,Đà Lạt,Lâm Đồng,dataset/da-lat/da-lat-16.jpg
da-lat-17.jpg,da-lat,da-lat,Đà Lạt,Lâm Đồng,dataset/da-lat/da-lat-17.jpg
da-lat-18.jpg,da-lat,da-lat,Đà Lạt,Lâm Đồng,dataset/da-lat/da-lat-18.jpg
da-lat-19.jpg,da-lat,da-lat,Đà Lạt,Lâm Đồng,dataset/da-lat/da-lat-19.jpg
da-lat-20.jpg,da-lat,da-lat,Đà Lạt,Lâm Đồng,dataset/da-lat/da-lat-20.jpg
da-lat-21.jpg,da-lat,da-lat,Đà Lạt,Lâm Đồng,dataset/da-lat/da-lat-21.jpg
da-lat-22.jpg,da-lat,da-lat,Đà Lạt,Lâm Đồng,dataset/da-lat/da-lat-22.jpg
da-lat-23.jpg,da-lat,da-lat,Đà Lạt,Lâm Đồng,dataset/da-lat/da-lat-23.jpg
da-lat-24.jpg,da-lat,da-lat,Đà Lạt,Lâm Đồng,dataset/da-lat/da-lat-24.jpg
da-lat-25.jpg,da-lat,da-lat,Đà Lạt,Lâm Đồng,dataset/da-lat/da-lat-25.jpg
da-lat-26.jpg,da-lat,da-lat,Đà Lạt,Lâm Đồng,dataset/da-lat/da-lat-26.jpg
da-lat-27.jpg,da-lat,da-lat,Đà Lạt,Lâm Đồng,dataset/da-lat/da-lat-27.jpg
da-lat-28.jpg,da-lat,da-lat,Đà Lạt,Lâm Đồng,dataset/da-lat/da-lat-28.jpg
da-lat-29.jpg,da-lat,da-lat,Đà Lạt,Lâm Đồng,dataset/da-lat/da-lat-29.jpg
da-lat-30.jpg,da-lat,da-lat,Đà Lạt,Lâm Đồng,dataset/da-lat/da-lat-30.jpg
da-lat-31.jpg,da-lat,da-lat,Đà Lạt,Lâm Đồng,dataset/da-lat/da-lat-31.jpg
da-lat-32.jpg,da-lat,da-lat,Đà Lạt,Lâm Đồng,dataset/da-lat/da-lat-32.jpg
da-lat-33.jpg,da-lat,da-lat,Đà Lạt,Lâm Đồng,dataset/da-lat/da-lat-33.jpg
da-lat-34.jpg,da-lat,da-lat,Đà Lạt,Lâm Đồng,dataset/da-lat/da-lat-34.jpg
da-lat-35.jpg,da-lat,da-lat,Đà Lạt,Lâm Đồng,dataset/da-lat/da-lat-35.jpg
da-lat-36.jpg,da-lat,da-lat,Đà Lạt,Lâm Đồng,dataset/da-lat/da-lat-36.jpg
da-lat-37.jpg,da-lat,da-lat,Đà Lạt,Lâm Đồng,dataset/da-lat/da-lat-37.jpg
da-lat-38.jpg,da-lat,da-lat,Đà Lạt,Lâm Đồng,dataset/da-lat/da-lat-38.jpg
da-lat-39.jpg,da-lat,da-lat,Đà Lạt,Lâm Đồng,dataset/da-lat/da-lat-39.jpg
da-lat-40.jpg,da-lat,da-lat,Đà Lạt,Lâm Đồng,dataset/da-lat/da-lat-40.jpg
da-lat-41.jpg,da-lat,da-lat,Đà Lạt,Lâm Đồng,dataset/da-lat/da-lat-41.jpg
da-lat-42.jpg,da-lat,da-lat,Đà Lạt,Lâm Đồng,dataset/da-lat/da-lat-42.jpg
da-lat-43.jpg,da-lat,da-lat,Đà Lạt,Lâm Đồng,dataset/da-lat/da-lat-43.jpg
da-lat-44.jpg,da-lat,da-lat,Đà Lạt,Lâm Đồng,dataset/da-lat/da-lat-44.jpg
da-lat-45.jpg,da-lat,da-lat,Đà Lạt,Lâm Đồng,dataset/da-lat/da-lat-45.jpg
da-lat-46.jpg,da-lat,da-lat,Đà Lạt,Lâm Đồng,dataset/da-lat/da-lat-46.jpg
da-lat-47.jpg,da-lat,da-lat,Đà Lạt,Lâm Đồng,dataset/da-lat/da-lat-47.jpg
da-lat-48.jpg,da-lat,da-lat,Đà Lạt,Lâm Đồng,dataset/da-lat/da-lat-48.jpg
da-lat-49.jpg,da-lat,da-lat,Đà Lạt,Lâm Đồng,dataset/da-lat/da-lat-49.jpg
da-lat-50.jpg,da-lat,da-lat,Đà Lạt,Lâm Đồng,dataset/da-lat/da-lat-50.jpg
da-lat-51.jpg,da-lat,da-lat,Đà Lạt,Lâm Đồng,dataset/da-lat/da-lat-51.jpg
da-lat-52.jpg,da-lat,da-lat,Đà Lạt,Lâm Đồng,dataset/da-lat/da-lat-52.jpg
da-lat-53.jpg,da-lat,da-lat,Đà Lạt,Lâm Đồng,dataset/da-lat/da-lat-53.jpg
da-lat-54.jpg,da-lat,da-lat,Đà Lạt,Lâm Đồng,dataset/da-lat/da-lat-54.jpg
da-lat-55.jpg,da-lat,da-lat,Đà Lạt,Lâm Đồng,dataset/da-lat/da-lat-55.jpg
da-lat-56.jpg,da-lat,da-lat,Đà Lạt,Lâm Đồng,dataset/da-lat/da-lat-56.jpg
da-lat-57.jpg,da-lat,da-lat,Đà Lạt,Lâm Đồng,dataset/da-lat/da-lat-57.jpg
da-lat-58.jpg,da-lat,da-lat,Đà Lạt,Lâm Đồng,dataset/da-lat/da-lat-58.jpg
da-lat-59.jpg,da-lat,da-lat,Đà Lạt,Lâm Đồng,dataset/da-lat/da-lat-59.jpg
da-lat-60.jpg,da-lat,da-lat,Đà Lạt,Lâm Đồng,dataset/da-lat/da-lat-60.jpg
da-nang-01.jpg,da-nang,da-nang,Đà Nẵng,Đà Nẵng,dataset/da-nang/da-nang-01.jpg
da-nang-02.jpg,da-nang,da-nang,Đà Nẵng,Đà Nẵng,dataset/da-nang/da-nang-02.jpg
da-nang-03.jpg,da-nang,da-nang,Đà Nẵng,Đà Nẵng,dataset/da-nang/da-nang-03.jpg
da-nang-04.jpg,da-nang,da-nang,Đà Nẵng,Đà Nẵng,dataset/da-nang/da-nang-04.jpg
da-nang-05.jpg,da-nang,da-nang,Đà Nẵng,Đà Nẵng,dataset/da-nang/da-nang-05.jpg
da-nang-06.jpg,da-nang,da-nang,Đà Nẵng,Đà Nẵng,dataset/da-nang/da-nang-06.jpg
da-nang-07.jpg,da-nang,da-nang,Đà Nẵng,Đà Nẵng,dataset/da-nang/da-nang-07.jpg
da-nang-08.jpg,da-nang,da-nang,Đà Nẵng,Đà Nẵng,dataset/da-nang/da-nang-08.jpg
da-nang-09.jpg,da-nang,da-nang,Đà Nẵng,Đà Nẵng,dataset/da-nang/da-nang-09.jpg
da-nang-10.jpg,da-nang,da-nang,Đà Nẵng,Đà Nẵng,dataset/da-nang/da-nang-10.jpg
da-nang-11.jpg,da-nang,da-nang,Đà Nẵng,Đà Nẵng,dataset/da-nang/da-nang-11.jpg
da-nang-12.jpg,da-nang,da-nang,Đà Nẵng,Đà Nẵng,dataset/da-nang/da-nang-12.jpg
da-nang-13.jpg,da-nang,da-nang,Đà Nẵng,Đà Nẵng,dataset/da-nang/da-nang-13.jpg
da-nang-14.jpg,da-nang,da-nang,Đà Nẵng,Đà Nẵng,dataset/da-nang/da-nang-14.jpg
da-nang-15.jpg,da-nang,da-nang,Đà Nẵng,Đà Nẵng,dataset/da-nang/da-nang-15.jpg
da-nang-16.jpg,da-nang,da-nang,Đà Nẵng,Đà Nẵng,dataset/da-nang/da-nang-16.jpg
da-nang-17.jpg,da-nang,da-nang,Đà Nẵng,Đà Nẵng,dataset/da-nang/da-nang-17.jpg
da-nang-18.jpg,da-nang,da-nang,Đà Nẵng,Đà Nẵng,dataset/da-nang/da-nang-18.jpg
da-nang-19.jpg,da-nang,da-nang,Đà Nẵng,Đà Nẵng,dataset/da-nang/da-nang-19.jpg
da-nang-20.jpg,da-nang,da-nang,Đà Nẵng,Đà Nẵng,dataset/da-nang/da-nang-20.jpg
da-nang-21.jpg,da-nang,da-nang,Đà Nẵng,Đà Nẵng,dataset/da-nang/da-nang-21.jpg
da-nang-22.jpg,da-nang,da-nang,Đà Nẵng,Đà Nẵng,dataset/da-nang/da-nang-22.jpg
da-nang-23.jpg,da-nang,da-nang,Đà Nẵng,Đà Nẵng,dataset/da-nang/da-nang-23.jpg
da-nang-24.jpg,da-nang,da-nang,Đà Nẵng,Đà Nẵng,dataset/da-nang/da-nang-24.jpg
da-nang-25.jpg,da-nang,da-nang,Đà Nẵng,Đà Nẵng,dataset/da-nang/da-nang-25.jpg
da-nang-26.jpg,da-nang,da-nang,Đà Nẵng,Đà Nẵng,dataset/da-nang/da-nang-26.jpg
da-nang-27.jpg,da-nang,da-nang,Đà Nẵng,Đà Nẵng,dataset/da-nang/da-nang-27.jpg
da-nang-28.jpg,da-nang,da-nang,Đà Nẵng,Đà Nẵng,dataset/da-nang/da-nang-28.jpg
da-nang-29.jpg,da-nang,da-nang,Đà Nẵng,Đà Nẵng,dataset/da-nang/da-nang-29.jpg
da-nang-30.jpg,da-nang,da-nang,Đà Nẵng,Đà Nẵng,dataset/da-nang/da-nang-30.jpg
da-nang-31.jpg,da-nang,da-nang,Đà Nẵng,Đà Nẵng,dataset/da-nang/da-nang-31.jpg
da-nang-32.jpg,da-nang,da-nang,Đà Nẵng,Đà Nẵng,dataset/da-nang/da-nang-32.jpg
da-nang-33.jpg,da-nang,da-nang,Đà Nẵng,Đà Nẵng,dataset/da-nang/da-nang-33.jpg
da-nang-34.jpg,da-nang,da-nang,Đà Nẵng,Đà Nẵng,dataset/da-nang/da-nang-34.jpg
da-nang-35.jpg,da-nang,da-nang,Đà Nẵng,Đà Nẵng,dataset/da-nang/da-nang-35.jpg
da-nang-36.jpg,da-nang,da-nang,Đà Nẵng,Đà Nẵng,dataset/da-nang/da-nang-36.jpg
da-nang-37.jpg,da-nang,da-nang,Đà Nẵng,Đà Nẵng,dataset/da-nang/da-nang-37.jpg
da-nang-38.jpg,da-nang,da-nang,Đà Nẵng,Đà Nẵng,dataset/da-nang/da-nang-38.jpg
da-nang-39.jpg,da-nang,da-nang,Đà Nẵng,Đà Nẵng,dataset/da-nang/da-nang-39.jpg
da-nang-40.jpg,da-nang,da-nang,Đà Nẵng,Đà Nẵng,dataset/da-nang/da-nang-40.jpg
da-nang-41.jpg,da-nang,da-nang,Đà Nẵng,Đà Nẵng,dataset/da-nang/da-nang-41.jpg
da-nang-42.jpg,da-nang,da-nang,Đà Nẵng,Đà Nẵng,dataset/da-nang/da-nang-42.jpg
da-nang-43.jpg,da-nang,da-nang,Đà Nẵng,Đà Nẵng,dataset/da-nang/da-nang-43.jpg
da-nang-44.jpg,da-nang,da-nang,Đà Nẵng,Đà Nẵng,dataset/da-nang/da-nang-44.jpg
da-nang-45.jpg,da-nang,da-nang,Đà Nẵng,Đà Nẵng,dataset/da-nang/da-nang-45.jpg
da-nang-46.jpg,da-nang,da-nang,Đà Nẵng,Đà Nẵng,dataset/da-nang/da-nang-46.jpg
da-nang-47.jpg,da-nang,da-nang,Đà Nẵng,Đà Nẵng,dataset/da-nang/da-nang-47.jpg
da-nang-48.jpg,da-nang,da-nang,Đà Nẵng,Đà Nẵng,dataset/da-nang/da-nang-48.jpg
da-nang-49.jpg,da-nang,da-nang,Đà Nẵng,Đà Nẵng,dataset/da-nang/da-nang-49.jpg
da-nang-50.jpg,da-nang,da-nang,Đà Nẵng,Đà Nẵng,dataset/da-nang/da-nang-50.jpg
da-nang-51.jpg,da-nang,da-nang,Đà Nẵng,Đà Nẵng,dataset/da-nang/da-nang-51.jpg
da-nang-52.jpg,da-nang,da-nang,Đà Nẵng,Đà Nẵng,dataset/da-nang/da-nang-52.jpg
da-nang-53.jpg,da-nang,da-nang,Đà Nẵng,Đà Nẵng,dataset/da-nang/da-nang-53.jpg
da-nang-54.jpg,da-nang,da-nang,Đà Nẵng,Đà Nẵng,dataset/da-nang/da-nang-54.jpg
da-nang-55.jpg,da-nang,da-nang,Đà Nẵng,Đà Nẵng,dataset/da-nang/da-nang-55.jpg
da-nang-56.jpg,da-nang,da-nang,Đà Nẵng,Đà Nẵng,dataset/da-nang/da-nang-56.jpg
da-nang-57.jpg,da-nang,da-nang,Đà Nẵng,Đà Nẵng,dataset/da-nang/da-nang-57.jpg
da-nang-58.jpg,da-nang,da-nang,Đà Nẵng,Đà Nẵng,dataset/da-nang/da-nang-58.jpg
da-nang-59.jpg,da-nang,da-nang,Đà Nẵng,Đà Nẵng,dataset/da-nang/da-nang-59.jpg
da-nang-60.jpg,da-nang,da-nang,Đà Nẵng,Đà Nẵng,dataset/da-nang/da-nang-60.jpg
ha-giang-01.jpg,ha-giang,ha-giang,Hà Giang,Hà Giang,dataset/ha-giang/ha-giang-01.jpg
ha-giang-02.jpg,ha-giang,ha-giang,Hà Giang,Hà Giang,dataset/ha-giang/ha-giang-02.jpg
ha-giang-03.jpg,ha-giang,ha-giang,Hà Giang,Hà Giang,dataset/ha-giang/ha-giang-03.jpg
ha-giang-04.jpg,ha-giang,ha-giang,Hà Giang,Hà Giang,dataset/ha-giang/ha-giang-04.jpg
ha-giang-05.jpg,ha-giang,ha-giang,Hà Giang,Hà Giang,dataset/ha-giang/ha-giang-05.jpg
ha-giang-06.jpg,ha-giang,ha-giang,Hà Giang,Hà Giang,dataset/ha-giang/ha-giang-06.jpg
ha-giang-07.jpg,ha-giang,ha-giang,Hà Giang,Hà Giang,dataset/ha-giang/ha-giang-07.jpg
ha-giang-08.jpg,ha-giang,ha-giang,Hà Giang,Hà Giang,dataset/ha-giang/ha-giang-08.jpg
ha-giang-09.jpg,ha-giang,ha-giang,Hà Giang,Hà Giang,dataset/ha-giang/ha-giang-09.jpg
ha-giang-10.jpg,ha-giang,ha-giang,Hà Giang,Hà Giang,dataset/ha-giang/ha-giang-10.jpg
ha-giang-11.jpg,ha-giang,ha-giang,Hà Giang,Hà Giang,dataset/ha-giang/ha-giang-11.jpg
ha-giang-12.jpg,ha-giang,ha-giang,Hà Giang,Hà Giang,dataset/ha-giang/ha-giang-12.jpg
ha-giang-13.jpg,ha-giang,ha-giang,Hà Giang,Hà Giang,dataset/ha-giang/ha-giang-13.jpg
ha-giang-14.jpg,ha-giang,ha-giang,Hà Giang,Hà Giang,dataset/ha-giang/ha-giang-14.jpg
ha-giang-15.jpg,ha-giang,ha-giang,Hà Giang,Hà Giang,dataset/ha-giang/ha-giang-15.jpg
ha-giang-16.jpg,ha-giang,ha-giang,Hà Giang,Hà Giang,dataset/ha-giang/ha-giang-16.jpg
ha-giang-17.jpg,ha-giang,ha-giang,Hà Giang,Hà Giang,dataset/ha-giang/ha-giang-17.jpg
ha-giang-18.jpg,ha-giang,ha-giang,Hà Giang,Hà Giang,dataset/ha-giang/ha-giang-18.jpg
ha-giang-19.jpg,ha-giang,ha-giang,Hà Giang,Hà Giang,dataset/ha-giang/ha-giang-19.jpg
ha-giang-20.jpg,ha-giang,ha-giang,Hà Giang,Hà Giang,dataset/ha-giang/ha-giang-20.jpg
ha-giang-21.jpg,ha-giang,ha-giang,Hà Giang,Hà Giang,dataset/ha-giang/ha-giang-21.jpg
ha-giang-22.jpg,ha-giang,ha-giang,Hà Giang,Hà Giang,dataset/ha-giang/ha-giang-22.jpg
ha-giang-23.jpg,ha-giang,ha-giang,Hà Giang,Hà Giang,dataset/ha-giang/ha-giang-23.jpg
ha-giang-24.jpg,ha-giang,ha-giang,Hà Giang,Hà Giang,dataset/ha-giang/ha-giang-24.jpg
ha-giang-25.jpg,ha-giang,ha-giang,Hà Giang,Hà Giang,dataset/ha-giang/ha-giang-25.jpg
ha-giang-26.jpg,ha-giang,ha-giang,Hà Giang,Hà Giang,dataset/ha-giang/ha-giang-26.jpg
ha-giang-27.jpg,ha-giang,ha-giang,Hà Giang,Hà Giang,dataset/ha-giang/ha-giang-27.jpg
ha-giang-28.jpg,ha-giang,ha-giang,Hà Giang,Hà Giang,dataset/ha-giang/ha-giang-28.jpg
ha-giang-29.jpg,ha-giang,ha-giang,Hà Giang,Hà Giang,dataset/ha-giang/ha-giang-29.jpg
ha-giang-30.jpg,ha-giang,ha-giang,Hà Giang,Hà Giang,dataset/ha-giang/ha-giang-30.jpg
ha-giang-31.jpg,ha-giang,ha-giang,Hà Giang,Hà Giang,dataset/ha-giang/ha-giang-31.jpg
ha-giang-32.jpg,ha-giang,ha-giang,Hà Giang,Hà Giang,dataset/ha-giang/ha-giang-32.jpg
ha-giang-33.jpg,ha-giang,ha-giang,Hà Giang,Hà Giang,dataset/ha-giang/ha-giang-33.jpg
ha-giang-34.jpg,ha-giang,ha-giang,Hà Giang,Hà Giang,dataset/ha-giang/ha-giang-34.jpg
ha-giang-35.jpg,ha-giang,ha-giang,Hà Giang,Hà Giang,dataset/ha-giang/ha-giang-35.jpg
ha-giang-36.jpg,ha-giang,ha-giang,Hà Giang,Hà Giang,dataset/ha-giang/ha-giang-36.jpg
ha-giang-37.jpg,ha-giang,ha-giang,Hà Giang,Hà Giang,dataset/ha-giang/ha-giang-37.jpg
ha-giang-38.jpg,ha-giang,ha-giang,Hà Giang,Hà Giang,dataset/ha-giang/ha-giang-38.jpg
ha-giang-39.jpg,ha-giang,ha-giang,Hà Giang,Hà Giang,dataset/ha-giang/ha-giang-39.jpg
ha-giang-40.jpg,ha-giang,ha-giang,Hà Giang,Hà Giang,dataset/ha-giang/ha-giang-40.jpg
ha-giang-41.jpg,ha-giang,ha-giang,Hà Giang,Hà Giang,dataset/ha-giang/ha-giang-41.jpg
ha-giang-42.jpg,ha-giang,ha-giang,Hà Giang,Hà Giang,dataset/ha-giang/ha-giang-42.jpg
ha-giang-43.jpg,ha-giang,ha-giang,Hà Giang,Hà Giang,dataset/ha-giang/ha-giang-43.jpg
ha-giang-44.jpg,ha-giang,ha-giang,Hà Giang,Hà Giang,dataset/ha-giang/ha-giang-44.jpg
ha-giang-45.jpg,ha-giang,ha-giang,Hà Giang,Hà Giang,dataset/ha-giang/ha-giang-45.jpg
ha-giang-46.jpg,ha-giang,ha-giang,Hà Giang,Hà Giang,dataset/ha-giang/ha-giang-46.jpg
ha-giang-47.jpg,ha-giang,ha-giang,Hà Giang,Hà Giang,dataset/ha-giang/ha-giang-47.jpg
ha-giang-48.jpg,ha-giang,ha-giang,Hà Giang,Hà Giang,dataset/ha-giang/ha-giang-48.jpg
ha-giang-49.jpg,ha-giang,ha-giang,Hà Giang,Hà Giang,dataset/ha-giang/ha-giang-49.jpg
ha-giang-50.jpg,ha-giang,ha-giang,Hà Giang,Hà Giang,dataset/ha-giang/ha-giang-50.jpg
ha-giang-51.jpg,ha-giang,ha-giang,Hà Giang,Hà Giang,dataset/ha-giang/ha-giang-51.jpg
ha-giang-52.jpg,ha-giang,ha-giang,Hà Giang,Hà Giang,dataset/ha-giang/ha-giang-52.jpg
ha-giang-53.jpg,ha-giang,ha-giang,Hà Giang,Hà Giang,dataset/ha-giang/ha-giang-53.jpg
ha-giang-54.jpg,ha-giang,ha-giang,Hà Giang,Hà Giang,dataset/ha-giang/ha-giang-54.jpg
ha-giang-55.jpg,ha-giang,ha-giang,Hà Giang,Hà Giang,dataset/ha-giang/ha-giang-55.jpg
ha-giang-56.jpg,ha-giang,ha-giang,Hà Giang,Hà Giang,dataset/ha-giang/ha-giang-56.jpg
ha-giang-57.jpg,ha-giang,ha-giang,Hà Giang,Hà Giang,dataset/ha-giang/ha-giang-57.jpg
ha-giang-58.jpg,ha-giang,ha-giang,Hà Giang,Hà Giang,dataset/ha-giang/ha-giang-58.jpg
ha-giang-59.jpg,ha-giang,ha-giang,Hà Giang,Hà Giang,dataset/ha-giang/ha-giang-59.jpg
ha-giang-60.jpg,ha-giang,ha-giang,Hà Giang,Hà Giang,dataset/ha-giang/ha-giang-60.jpg
ha-long-01.jpg,ha-long,ha-long,Hạ Long,Quảng Ninh,dataset/ha-long/ha-long-01.jpg
ha-long-02.jpg,ha-long,ha-long,Hạ Long,Quảng Ninh,dataset/ha-long/ha-long-02.jpg
ha-long-03.jpg,ha-long,ha-long,Hạ Long,Quảng Ninh,dataset/ha-long/ha-long-03.jpg
ha-long-04.jpg,ha-long,ha-long,Hạ Long,Quảng Ninh,dataset/ha-long/ha-long-04.jpg
ha-long-05.jpg,ha-long,ha-long,Hạ Long,Quảng Ninh,dataset/ha-long/ha-long-05.jpg
ha-long-06.jpg,ha-long,ha-long,Hạ Long,Quảng Ninh,dataset/ha-long/ha-long-06.jpg
ha-long-07.jpg,ha-long,ha-long,Hạ Long,Quảng Ninh,dataset/ha-long/ha-long-07.jpg
ha-long-08.jpg,ha-long,ha-long,Hạ Long,Quảng Ninh,dataset/ha-long/ha-long-08.jpg
ha-long-09.jpg,ha-long,ha-long,Hạ Long,Quảng Ninh,dataset/ha-long/ha-long-09.jpg
ha-long-10.jpg,ha-long,ha-long,Hạ Long,Quảng Ninh,dataset/ha-long/ha-long-10.jpg
ha-long-11.jpg,ha-long,ha-long,Hạ Long,Quảng Ninh,dataset/ha-long/ha-long-11.jpg
ha-long-12.jpg,ha-long,ha-long,Hạ Long,Quảng Ninh,dataset/ha-long/ha-long-12.jpg
ha-long-13.jpg,ha-long,ha-long,Hạ Long,Quảng Ninh,dataset/ha-long/ha-long-13.jpg
ha-long-14.jpg,ha-long,ha-long,Hạ Long,Quảng Ninh,dataset/ha-long/ha-long-14.jpg
ha-long-15.jpg,ha-long,ha-long,Hạ Long,Quảng Ninh,dataset/ha-long/ha-long-15.jpg
ha-long-16.jpg,ha-long,ha-long,Hạ Long,Quảng Ninh,dataset/ha-long/ha-long-16.jpg
ha-long-17.jpg,ha-long,ha-long,Hạ Long,Quảng Ninh,dataset/ha-long/ha-long-17.jpg
ha-long-18.jpg,ha-long,ha-long,Hạ Long,Quảng Ninh,dataset/ha-long/ha-long-18.jpg
ha-long-19.jpg,ha-long,ha-long,Hạ Long,Quảng Ninh,dataset/ha-long/ha-long-19.jpg
ha-long-20.jpg,ha-long,ha-long,Hạ Long,Quảng Ninh,dataset/ha-long/ha-long-20.jpg
ha-long-21.jpg,ha-long,ha-long,Hạ Long,Quảng Ninh,dataset/ha-long/ha-long-21.jpg
ha-long-22.jpg,ha-long,ha-long,Hạ Long,Quảng Ninh,dataset/ha-long/ha-long-22.jpg
ha-long-23.jpg,ha-long,ha-long,Hạ Long,Quảng Ninh,dataset/ha-long/ha-long-23.jpg
ha-long-24.jpg,ha-long,ha-long,Hạ Long,Quảng Ninh,dataset/ha-long/ha-long-24.jpg
ha-long-25.jpg,ha-long,ha-long,Hạ Long,Quảng Ninh,dataset/ha-long/ha-long-25.jpg
ha-long-26.jpg,ha-long,ha-long,Hạ Long,Quảng Ninh,dataset/ha-long/ha-long-26.jpg
ha-long-27.jpg,ha-long,ha-long,Hạ Long,Quảng Ninh,dataset/ha-long/ha-long-27.jpg
ha-long-28.jpg,ha-long,ha-long,Hạ Long,Quảng Ninh,dataset/ha-long/ha-long-28.jpg
ha-long-29.jpg,ha-long,ha-long,Hạ Long,Quảng Ninh,dataset/ha-long/ha-long-29.jpg
ha-long-30.jpg,ha-long,ha-long,Hạ Long,Quảng Ninh,dataset/ha-long/ha-long-30.jpg
ha-long-31.jpg,ha-long,ha-long,Hạ Long,Quảng Ninh,dataset/ha-long/ha-long-31.jpg
ha-long-32.jpg,ha-long,ha-long,Hạ Long,Quảng Ninh,dataset/ha-long/ha-long-32.jpg
ha-long-33.jpg,ha-long,ha-long,Hạ Long,Quảng Ninh,dataset/ha-long/ha-long-33.jpg
ha-long-34.jpg,ha-long,ha-long,Hạ Long,Quảng Ninh,dataset/ha-long/ha-long-34.jpg
ha-long-35.jpg,ha-long,ha-long,Hạ Long,Quảng Ninh,dataset/ha-long/ha-long-35.jpg
ha-long-36.jpg,ha-long,ha-long,Hạ Long,Quảng Ninh,dataset/ha-long/ha-long-36.jpg
ha-long-37.jpg,ha-long,ha-long,Hạ Long,Quảng Ninh,dataset/ha-long/ha-long-37.jpg
ha-long-38.jpg,ha-long,ha-long,Hạ Long,Quảng Ninh,dataset/ha-long/ha-long-38.jpg
ha-long-39.jpg,ha-long,ha-long,Hạ Long,Quảng Ninh,dataset/ha-long/ha-long-39.jpg
ha-long-40.jpg,ha-long,ha-long,Hạ Long,Quảng Ninh,dataset/ha-long/ha-long-40.jpg
ha-long-41.jpg,ha-long,ha-long,Hạ Long,Quảng Ninh,dataset/ha-long/ha-long-41.jpg
ha-long-42.jpg,ha-long,ha-long,Hạ Long,Quảng Ninh,dataset/ha-long/ha-long-42.jpg
ha-long-43.jpg,ha-long,ha-long,Hạ Long,Quảng Ninh,dataset/ha-long/ha-long-43.jpg
ha-long-44.jpg,ha-long,ha-long,Hạ Long,Quảng Ninh,dataset/ha-long/ha-long-44.jpg
ha-long-45.jpg,ha-long,ha-long,Hạ Long,Quảng Ninh,dataset/ha-long/ha-long-45.jpg
ha-long-46.jpg,ha-long,ha-long,Hạ Long,Quảng Ninh,dataset/ha-long/ha-long-46.jpg
ha-long-47.jpg,ha-long,ha-long,Hạ Long,Quảng Ninh,dataset/ha-long/ha-long-47.jpg
ha-long-48.jpg,ha-long,ha-long,Hạ Long,Quảng Ninh,dataset/ha-long/ha-long-48.jpg
ha-long-49.jpg,ha-long,ha-long,Hạ Long,Quảng Ninh,dataset/ha-long/ha-long-49.jpg
ha-long-50.jpg,ha-long,ha-long,Hạ Long,Quảng Ninh,dataset/ha-long/ha-long-50.jpg
ha-long-51.jpg,ha-long,ha-long,Hạ Long,Quảng Ninh,dataset/ha-long/ha-long-51.jpg
ha-long-52.jpg,ha-long,ha-long,Hạ Long,Quảng Ninh,dataset/ha-long/ha-long-52.jpg
ha-long-53.jpg,ha-long,ha-long,Hạ Long,Quảng Ninh,dataset/ha-long/ha-long-53.jpg
ha-long-54.jpg,ha-long,ha-long,Hạ Long,Quảng Ninh,dataset/ha-long/ha-long-54.jpg
ha-long-55.jpg,ha-long,ha-long,Hạ Long,Quảng Ninh,dataset/ha-long/ha-long-55.jpg
ha-long-56.jpg,ha-long,ha-long,Hạ Long,Quảng Ninh,dataset/ha-long/ha-long-56.jpg
ha-long-57.jpg,ha-long,ha-long,Hạ Long,Quảng Ninh,dataset/ha-long/ha-long-57.jpg
ha-long-58.jpg,ha-long,ha-long,Hạ Long,Quảng Ninh,dataset/ha-long/ha-long-58.jpg
ha-long-59.jpg,ha-long,ha-long,Hạ Long,Quảng Ninh,dataset/ha-long/ha-long-59.jpg
ha-long-60.jpg,ha-long,ha-long,Hạ Long,Quảng Ninh,dataset/ha-long/ha-long-60.jpg
hoi-an-01.jpg,hoi-an,hoi-an,Hội An,Quảng Nam,dataset/hoi-an/hoi-an-01.jpg
hoi-an-02.jpg,hoi-an,hoi-an,Hội An,Quảng Nam,dataset/hoi-an/hoi-an-02.jpg
hoi-an-03.jpg,hoi-an,hoi-an,Hội An,Quảng Nam,dataset/hoi-an/hoi-an-03.jpg
hoi-an-04.jpg,hoi-an,hoi-an,Hội An,Quảng Nam,dataset/hoi-an/hoi-an-04.jpg
hoi-an-05.jpg,hoi-an,hoi-an,Hội An,Quảng Nam,dataset/hoi-an/hoi-an-05.jpg
hoi-an-06.jpg,hoi-an,hoi-an,Hội An,Quảng Nam,dataset/hoi-an/hoi-an-06.jpg
hoi-an-07.jpg,hoi-an,hoi-an,Hội An,Quảng Nam,dataset/hoi-an/hoi-an-07.jpg
hoi-an-08.jpg,hoi-an,hoi-an,Hội An,Quảng Nam,dataset/hoi-an/hoi-an-08.jpg
hoi-an-09.jpg,hoi-an,hoi-an,Hội An,Quảng Nam,dataset/hoi-an/hoi-an-09.jpg
hoi-an-10.jpg,hoi-an,hoi-an,Hội An,Quảng Nam,dataset/hoi-an/hoi-an-10.jpg
hoi-an-11.jpg,hoi-an,hoi-an,Hội An,Quảng Nam,dataset/hoi-an/hoi-an-11.jpg
hoi-an-12.jpg,hoi-an,hoi-an,Hội An,Quảng Nam,dataset/hoi-an/hoi-an-12.jpg
hoi-an-13.jpg,hoi-an,hoi-an,Hội An,Quảng Nam,dataset/hoi-an/hoi-an-13.jpg
hoi-an-14.jpg,hoi-an,hoi-an,Hội An,Quảng Nam,dataset/hoi-an/hoi-an-14.jpg
hoi-an-15.jpg,hoi-an,hoi-an,Hội An,Quảng Nam,dataset/hoi-an/hoi-an-15.jpg
hoi-an-16.jpg,hoi-an,hoi-an,Hội An,Quảng Nam,dataset/hoi-an/hoi-an-16.jpg
hoi-an-17.jpg,hoi-an,hoi-an,Hội An,Quảng Nam,dataset/hoi-an/hoi-an-17.jpg
hoi-an-18.jpg,hoi-an,hoi-an,Hội An,Quảng Nam,dataset/hoi-an/hoi-an-18.jpg
hoi-an-19.jpg,hoi-an,hoi-an,Hội An,Quảng Nam,dataset/hoi-an/hoi-an-19.jpg
hoi-an-20.jpg,hoi-an,hoi-an,Hội An,Quảng Nam,dataset/hoi-an/hoi-an-20.jpg
hoi-an-21.jpg,hoi-an,hoi-an,Hội An,Quảng Nam,dataset/hoi-an/hoi-an-21.jpg
hoi-an-22.jpg,hoi-an,hoi-an,Hội An,Quảng Nam,dataset/hoi-an/hoi-an-22.jpg
hoi-an-23.jpg,hoi-an,hoi-an,Hội An,Quảng Nam,dataset/hoi-an/hoi-an-23.jpg
hoi-an-24.jpg,hoi-an,hoi-an,Hội An,Quảng Nam,dataset/hoi-an/hoi-an-24.jpg
hoi-an-25.jpg,hoi-an,hoi-an,Hội An,Quảng Nam,dataset/hoi-an/hoi-an-25.jpg
hoi-an-26.jpg,hoi-an,hoi-an,Hội An,Quảng Nam,dataset/hoi-an/hoi-an-26.jpg
hoi-an-27.jpg,hoi-an,hoi-an,Hội An,Quảng Nam,dataset/hoi-an/hoi-an-27.jpg
hoi-an-28.jpg,hoi-an,hoi-an,Hội An,Quảng Nam,dataset/hoi-an/hoi-an-28.jpg
hoi-an-29.jpg,hoi-an,hoi-an,Hội An,Quảng Nam,dataset/hoi-an/hoi-an-29.jpg
hoi-an-30.jpg,hoi-an,hoi-an,Hội An,Quảng Nam,dataset/hoi-an/hoi-an-30.jpg
hoi-an-31.jpg,hoi-an,hoi-an,Hội An,Quảng Nam,dataset/hoi-an/hoi-an-31.jpg
hoi-an-32.jpg,hoi-an,hoi-an,Hội An,Quảng Nam,dataset/hoi-an/hoi-an-32.jpg
hoi-an-33.jpg,hoi-an,hoi-an,Hội An,Quảng Nam,dataset/hoi-an/hoi-an-33.jpg
hoi-an-34.jpg,hoi-an,hoi-an,Hội An,Quảng Nam,dataset/hoi-an/hoi-an-34.jpg
hoi-an-35.jpg,hoi-an,hoi-an,Hội An,Quảng Nam,dataset/hoi-an/hoi-an-35.jpg
hoi-an-36.jpg,hoi-an,hoi-an,Hội An,Quảng Nam,dataset/hoi-an/hoi-an-36.jpg
hoi-an-37.jpg,hoi-an,hoi-an,Hội An,Quảng Nam,dataset/hoi-an/hoi-an-37.jpg
hoi-an-38.jpg,hoi-an,hoi-an,Hội An,Quảng Nam,dataset/hoi-an/hoi-an-38.jpg
hoi-an-39.jpg,hoi-an,hoi-an,Hội An,Quảng Nam,dataset/hoi-an/hoi-an-39.jpg
hoi-an-40.jpg,hoi-an,hoi-an,Hội An,Quảng Nam,dataset/hoi-an/hoi-an-40.jpg
hoi-an-41.jpg,hoi-an,hoi-an,Hội An,Quảng Nam,dataset/hoi-an/hoi-an-41.jpg
hoi-an-42.jpg,hoi-an,hoi-an,Hội An,Quảng Nam,dataset/hoi-an/hoi-an-42.jpg
hoi-an-43.jpg,hoi-an,hoi-an,Hội An,Quảng Nam,dataset/hoi-an/hoi-an-43.jpg
hoi-an-44.jpg,hoi-an,hoi-an,Hội An,Quảng Nam,dataset/hoi-an/hoi-an-44.jpg
hoi-an-45.jpg,hoi-an,hoi-an,Hội An,Quảng Nam,dataset/hoi-an/hoi-an-45.jpg
hoi-an-46.jpg,hoi-an,hoi-an,Hội An,Quảng Nam,dataset/hoi-an/hoi-an-46.jpg
hoi-an-47.jpg,hoi-an,hoi-an,Hội An,Quảng Nam,dataset/hoi-an/hoi-an-47.jpg
hoi-an-48.jpg,hoi-an,hoi-an,Hội An,Quảng Nam,dataset/hoi-an/hoi-an-48.jpg
hoi-an-49.jpg,hoi-an,hoi-an,Hội An,Quảng Nam,dataset/hoi-an/hoi-an-49.jpg
hoi-an-50.jpg,hoi-an,hoi-an,Hội An,Quảng Nam,dataset/hoi-an/hoi-an-50.jpg
hoi-an-51.jpg,hoi-an,hoi-an,Hội An,Quảng Nam,dataset/hoi-an/hoi-an-51.jpg
hoi-an-52.jpg,hoi-an,hoi-an,Hội An,Quảng Nam,dataset/hoi-an/hoi-an-52.jpg
hoi-an-53.jpg,hoi-an,hoi-an,Hội An,Quảng Nam,dataset/hoi-an/hoi-an-53.jpg
hoi-an-54.jpg,hoi-an,hoi-an,Hội An,Quảng Nam,dataset/hoi-an/hoi-an-54.jpg
hoi-an-55.jpg,hoi-an,hoi-an,Hội An,Quảng Nam,dataset/hoi-an/hoi-an-55.jpg
hoi-an-56.jpg,hoi-an,hoi-an,Hội An,Quảng Nam,dataset/hoi-an/hoi-an-56.jpg
hoi-an-57.jpg,hoi-an,hoi-an,Hội An,Quảng Nam,dataset/hoi-an/hoi-an-57.jpg
hoi-an-58.jpg,hoi-an,hoi-an,Hội An,Quảng Nam,dataset/hoi-an/hoi-an-58.jpg
hoi-an-59.jpg,hoi-an,hoi-an,Hội An,Quảng Nam,dataset/hoi-an/hoi-an-59.jpg
hoi-an-60.jpg,hoi-an,hoi-an,Hội An,Quảng Nam,dataset/hoi-an/hoi-an-60.jpg
hue-01.jpg,hue,hue,Huế,Thừa Thiên Huế,dataset/hue/hue-01.jpg
hue-02.jpg,hue,hue,Huế,Thừa Thiên Huế,dataset/hue/hue-02.jpg
hue-03.jpg,hue,hue,Huế,Thừa Thiên Huế,dataset/hue/hue-03.jpg
hue-04.jpg,hue,hue,Huế,Thừa Thiên Huế,dataset/hue/hue-04.jpg
hue-05.jpg,hue,hue,Huế,Thừa Thiên Huế,dataset/hue/hue-05.jpg
hue-06.jpg,hue,hue,Huế,Thừa Thiên Huế,dataset/hue/hue-06.jpg
hue-07.jpg,hue,hue,Huế,Thừa Thiên Huế,dataset/hue/hue-07.jpg
hue-08.jpg,hue,hue,Huế,Thừa Thiên Huế,dataset/hue/hue-08.jpg
hue-09.jpg,hue,hue,Huế,Thừa Thiên Huế,dataset/hue/hue-09.jpg
hue-10.jpg,hue,hue,Huế,Thừa Thiên Huế,dataset/hue/hue-10.jpg
hue-11.jpg,hue,hue,Huế,Thừa Thiên Huế,dataset/hue/hue-11.jpg
hue-12.jpg,hue,hue,Huế,Thừa Thiên Huế,dataset/hue/hue-12.jpg
hue-13.jpg,hue,hue,Huế,Thừa Thiên Huế,dataset/hue/hue-13.jpg
hue-14.jpg,hue,hue,Huế,Thừa Thiên Huế,dataset/hue/hue-14.jpg
hue-15.jpg,hue,hue,Huế,Thừa Thiên Huế,dataset/hue/hue-15.jpg
hue-16.jpg,hue,hue,Huế,Thừa Thiên Huế,dataset/hue/hue-16.jpg
hue-17.jpg,hue,hue,Huế,Thừa Thiên Huế,dataset/hue/hue-17.jpg
hue-18.jpg,hue,hue,Huế,Thừa Thiên Huế,dataset/hue/hue-18.jpg
hue-19.jpg,hue,hue,Huế,Thừa Thiên Huế,dataset/hue/hue-19.jpg
hue-20.jpg,hue,hue,Huế,Thừa Thiên Huế,dataset/hue/hue-20.jpg
hue-21.jpg,hue,hue,Huế,Thừa Thiên Huế,dataset/hue/hue-21.jpg
hue-22.jpg,hue,hue,Huế,Thừa Thiên Huế,dataset/hue/hue-22.jpg
hue-23.jpg,hue,hue,Huế,Thừa Thiên Huế,dataset/hue/hue-23.jpg
hue-24.jpg,hue,hue,Huế,Thừa Thiên Huế,dataset/hue/hue-24.jpg
hue-25.jpg,hue,hue,Huế,Thừa Thiên Huế,dataset/hue/hue-25.jpg
hue-26.jpg,hue,hue,Huế,Thừa Thiên Huế,dataset/hue/hue-26.jpg
hue-27.jpg,hue,hue,Huế,Thừa Thiên Huế,dataset/hue/hue-27.jpg
hue-28.jpg,hue,hue,Huế,Thừa Thiên Huế,dataset/hue/hue-28.jpg
hue-29.jpg,hue,hue,Huế,Thừa Thiên Huế,dataset/hue/hue-29.jpg
hue-30.jpg,hue,hue,Huế,Thừa Thiên Huế,dataset/hue/hue-30.jpg
hue-31.jpg,hue,hue,Huế,Thừa Thiên Huế,dataset/hue/hue-31.jpg
hue-32.jpg,hue,hue,Huế,Thừa Thiên Huế,dataset/hue/hue-32.jpg
hue-33.jpg,hue,hue,Huế,Thừa Thiên Huế,dataset/hue/hue-33.jpg
hue-34.jpg,hue,hue,Huế,Thừa Thiên Huế,dataset/hue/hue-34.jpg
hue-35.jpg,hue,hue,Huế,Thừa Thiên Huế,dataset/hue/hue-35.jpg
hue-36.jpg,hue,hue,Huế,Thừa Thiên Huế,dataset/hue/hue-36.jpg
hue-37.jpg,hue,hue,Huế,Thừa Thiên Huế,dataset/hue/hue-37.jpg
hue-38.jpg,hue,hue,Huế,Thừa Thiên Huế,dataset/hue/hue-38.jpg
hue-39.jpg,hue,hue,Huế,Thừa Thiên Huế,dataset/hue/hue-39.jpg
hue-40.jpg,hue,hue,Huế,Thừa Thiên Huế,dataset/hue/hue-40.jpg
hue-41.jpg,hue,hue,Huế,Thừa Thiên Huế,dataset/hue/hue-41.jpg
hue-42.jpg,hue,hue,Huế,Thừa Thiên Huế,dataset/hue/hue-42.jpg
hue-43.jpg,hue,hue,Huế,Thừa Thiên Huế,dataset/hue/hue-43.jpg
hue-44.jpg,hue,hue,Huế,Thừa Thiên Huế,dataset/hue/hue-44.jpg
hue-45.jpg,hue,hue,Huế,Thừa Thiên Huế,dataset/hue/hue-45.jpg
hue-46.jpg,hue,hue,Huế,Thừa Thiên Huế,dataset/hue/hue-46.jpg
hue-47.jpg,hue,hue,Huế,Thừa Thiên Huế,dataset/hue/hue-47.jpg
hue-48.jpg,hue,hue,Huế,Thừa Thiên Huế,dataset/hue/hue-48.jpg
hue-49.jpg,hue,hue,Huế,Thừa Thiên Huế,dataset/hue/hue-49.jpg
hue-50.jpg,hue,hue,Huế,Thừa Thiên Huế,dataset/hue/hue-50.jpg
hue-51.jpg,hue,hue,Huế,Thừa Thiên Huế,dataset/hue/hue-51.jpg
hue-52.jpg,hue,hue,Huế,Thừa Thiên Huế,dataset/hue/hue-52.jpg
hue-53.jpg,hue,hue,Huế,Thừa Thiên Huế,dataset/hue/hue-53.jpg
hue-54.jpg,hue,hue,Huế,Thừa Thiên Huế,dataset/hue/hue-54.jpg
hue-55.jpg,hue,hue,Huế,Thừa Thiên Huế,dataset/hue/hue-55.jpg
hue-56.jpg,hue,hue,Huế,Thừa Thiên Huế,dataset/hue/hue-56.jpg
hue-57.jpg,hue,hue,Huế,Thừa Thiên Huế,dataset/hue/hue-57.jpg
hue-58.jpg,hue,hue,Huế,Thừa Thiên Huế,dataset/hue/hue-58.jpg
hue-59.jpg,hue,hue,Huế,Thừa Thiên Huế,dataset/hue/hue-59.jpg
hue-60.jpg,hue,hue,Huế,Thừa Thiên Huế,dataset/hue/hue-60.jpg
moc-chau-01.jpg,moc-chau,moc-chau,Mộc Châu,Sơn La,dataset/moc-chau/moc-chau-01.jpg
moc-chau-02.jpg,moc-chau,moc-chau,Mộc Châu,Sơn La,dataset/moc-chau/moc-chau-02.jpg
moc-chau-03.jpg,moc-chau,moc-chau,Mộc Châu,Sơn La,dataset/moc-chau/moc-chau-03.jpg
moc-chau-04.jpg,moc-chau,moc-chau,Mộc Châu,Sơn La,dataset/moc-chau/moc-chau-04.jpg
moc-chau-05.jpg,moc-chau,moc-chau,Mộc Châu,Sơn La,dataset/moc-chau/moc-chau-05.jpg
moc-chau-06.jpg,moc-chau,moc-chau,Mộc Châu,Sơn La,dataset/moc-chau/moc-chau-06.jpg
moc-chau-07.jpg,moc-chau,moc-chau,Mộc Châu,Sơn La,dataset/moc-chau/moc-chau-07.jpg
moc-chau-08.jpg,moc-chau,moc-chau,Mộc Châu,Sơn La,dataset/moc-chau/moc-chau-08.jpg
moc-chau-09.jpg,moc-chau,moc-chau,Mộc Châu,Sơn La,dataset/moc-chau/moc-chau-09.jpg
moc-chau-10.jpg,moc-chau,moc-chau,Mộc Châu,Sơn La,dataset/moc-chau/moc-chau-10.jpg
moc-chau-11.jpg,moc-chau,moc-chau,Mộc Châu,Sơn La,dataset/moc-chau/moc-chau-11.jpg
moc-chau-12.jpg,moc-chau,moc-chau,Mộc Châu,Sơn La,dataset/moc-chau/moc-chau-12.jpg
moc-chau-13.jpg,moc-chau,moc-chau,Mộc Châu,Sơn La,dataset/moc-chau/moc-chau-13.jpg
moc-chau-14.jpg,moc-chau,moc-chau,Mộc Châu,Sơn La,dataset/moc-chau/moc-chau-14.jpg
moc-chau-15.jpg,moc-chau,moc-chau,Mộc Châu,Sơn La,dataset/moc-chau/moc-chau-15.jpg
moc-chau-16.jpg,moc-chau,moc-chau,Mộc Châu,Sơn La,dataset/moc-chau/moc-chau-16.jpg
moc-chau-17.jpg,moc-chau,moc-chau,Mộc Châu,Sơn La,dataset/moc-chau/moc-chau-17.jpg
moc-chau-18.jpg,moc-chau,moc-chau,Mộc Châu,Sơn La,dataset/moc-chau/moc-chau-18.jpg
moc-chau-19.jpg,moc-chau,moc-chau,Mộc Châu,Sơn La,dataset/moc-chau/moc-chau-19.jpg
moc-chau-20.jpg,moc-chau,moc-chau,Mộc Châu,Sơn La,dataset/moc-chau/moc-chau-20.jpg
moc-chau-21.jpg,moc-chau,moc-chau,Mộc Châu,Sơn La,dataset/moc-chau/moc-chau-21.jpg
moc-chau-22.jpg,moc-chau,moc-chau,Mộc Châu,Sơn La,dataset/moc-chau/moc-chau-22.jpg
moc-chau-23.jpg,moc-chau,moc-chau,Mộc Châu,Sơn La,dataset/moc-chau/moc-chau-23.jpg
moc-chau-24.jpg,moc-chau,moc-chau,Mộc Châu,Sơn La,dataset/moc-chau/moc-chau-24.jpg
moc-chau-25.jpg,moc-chau,moc-chau,Mộc Châu,Sơn La,dataset/moc-chau/moc-chau-25.jpg
moc-chau-26.jpg,moc-chau,moc-chau,Mộc Châu,Sơn La,dataset/moc-chau/moc-chau-26.jpg
moc-chau-27.jpg,moc-chau,moc-chau,Mộc Châu,Sơn La,dataset/moc-chau/moc-chau-27.jpg
moc-chau-28.jpg,moc-chau,moc-chau,Mộc Châu,Sơn La,dataset/moc-chau/moc-chau-28.jpg
moc-chau-29.jpg,moc-chau,moc-chau,Mộc Châu,Sơn La,dataset/moc-chau/moc-chau-29.jpg
moc-chau-30.jpg,moc-chau,moc-chau,Mộc Châu,Sơn La,dataset/moc-chau/moc-chau-30.jpg
moc-chau-31.jpg,moc-chau,moc-chau,Mộc Châu,Sơn La,dataset/moc-chau/moc-chau-31.jpg
moc-chau-32.jpg,moc-chau,moc-chau,Mộc Châu,Sơn La,dataset/moc-chau/moc-chau-32.jpg
moc-chau-33.jpg,moc-chau,moc-chau,Mộc Châu,Sơn La,dataset/moc-chau/moc-chau-33.jpg
moc-chau-34.jpg,moc-chau,moc-chau,Mộc Châu,Sơn La,dataset/moc-chau/moc-chau-34.jpg
moc-chau-35.jpg,moc-chau,moc-chau,Mộc Châu,Sơn La,dataset/moc-chau/moc-chau-35.jpg
moc-chau-36.jpg,moc-chau,moc-chau,Mộc Châu,Sơn La,dataset/moc-chau/moc-chau-36.jpg
moc-chau-37.jpg,moc-chau,moc-chau,Mộc Châu,Sơn La,dataset/moc-chau/moc-chau-37.jpg
moc-chau-38.jpg,moc-chau,moc-chau,Mộc Châu,Sơn La,dataset/moc-chau/moc-chau-38.jpg
moc-chau-39.jpg,moc-chau,moc-chau,Mộc Châu,Sơn La,dataset/moc-chau/moc-chau-39.jpg
moc-chau-40.jpg,moc-chau,moc-chau,Mộc Châu,Sơn La,dataset/moc-chau/moc-chau-40.jpg
moc-chau-41.jpg,moc-chau,moc-chau,Mộc Châu,Sơn La,dataset/moc-chau/moc-chau-41.jpg
moc-chau-42.jpg,moc-chau,moc-chau,Mộc Châu,Sơn La,dataset/moc-chau/moc-chau-42.jpg
moc-chau-43.jpg,moc-chau,moc-chau,Mộc Châu,Sơn La,dataset/moc-chau/moc-chau-43.jpg
moc-chau-44.jpg,moc-chau,moc-chau,Mộc Châu,Sơn La,dataset/moc-chau/moc-chau-44.jpg
moc-chau-45.jpg,moc-chau,moc-chau,Mộc Châu,Sơn La,dataset/moc-chau/moc-chau-45.jpg
moc-chau-46.jpg,moc-chau,moc-chau,Mộc Châu,Sơn La,dataset/moc-chau/moc-chau-46.jpg
moc-chau-47.jpg,moc-chau,moc-chau,Mộc Châu,Sơn La,dataset/moc-chau/moc-chau-47.jpg
moc-chau-48.jpg,moc-chau,moc-chau,Mộc Châu,Sơn La,dataset/moc-chau/moc-chau-48.jpg
moc-chau-49.jpg,moc-chau,moc-chau,Mộc Châu,Sơn La,dataset/moc-chau/moc-chau-49.jpg
moc-chau-50.jpg,moc-chau,moc-chau,Mộc Châu,Sơn La,dataset/moc-chau/moc-chau-50.jpg
moc-chau-51.jpg,moc-chau,moc-chau,Mộc Châu,Sơn La,dataset/moc-chau/moc-chau-51.jpg
moc-chau-52.jpg,moc-chau,moc-chau,Mộc Châu,Sơn La,dataset/moc-chau/moc-chau-52.jpg
moc-chau-53.jpg,moc-chau,moc-chau,Mộc Châu,Sơn La,dataset/moc-chau/moc-chau-53.jpg
moc-chau-54.jpg,moc-chau,moc-chau,Mộc Châu,Sơn La,dataset/moc-chau/moc-chau-54.jpg
moc-chau-55.jpg,moc-chau,moc-chau,Mộc Châu,Sơn La,dataset/moc-chau/moc-chau-55.jpg
moc-chau-56.jpg,moc-chau,moc-chau,Mộc Châu,Sơn La,dataset/moc-chau/moc-chau-56.jpg
moc-chau-57.jpg,moc-chau,moc-chau,Mộc Châu,Sơn La,dataset/moc-chau/moc-chau-57.jpg
moc-chau-58.jpg,moc-chau,moc-chau,Mộc Châu,Sơn La,dataset/moc-chau/moc-chau-58.jpg
moc-chau-59.jpg,moc-chau,moc-chau,Mộc Châu,Sơn La,dataset/moc-chau/moc-chau-59.jpg
moc-chau-60.jpg,moc-chau,moc-chau,Mộc Châu,Sơn La,dataset/moc-chau/moc-chau-60.jpg
mui-ne-01.jpg,mui-ne,mui-ne,Mũi Né,Bình Thuận,dataset/mui-ne/mui-ne-01.jpg
mui-ne-02.jpg,mui-ne,mui-ne,Mũi Né,Bình Thuận,dataset/mui-ne/mui-ne-02.jpg
mui-ne-03.jpg,mui-ne,mui-ne,Mũi Né,Bình Thuận,dataset/mui-ne/mui-ne-03.jpg
mui-ne-04.jpg,mui-ne,mui-ne,Mũi Né,Bình Thuận,dataset/mui-ne/mui-ne-04.jpg
mui-ne-05.jpg,mui-ne,mui-ne,Mũi Né,Bình Thuận,dataset/mui-ne/mui-ne-05.jpg
mui-ne-06.jpg,mui-ne,mui-ne,Mũi Né,Bình Thuận,dataset/mui-ne/mui-ne-06.jpg
mui-ne-07.jpg,mui-ne,mui-ne,Mũi Né,Bình Thuận,dataset/mui-ne/mui-ne-07.jpg
mui-ne-08.jpg,mui-ne,mui-ne,Mũi Né,Bình Thuận,dataset/mui-ne/mui-ne-08.jpg
mui-ne-09.jpg,mui-ne,mui-ne,Mũi Né,Bình Thuận,dataset/mui-ne/mui-ne-09.jpg
mui-ne-10.jpg,mui-ne,mui-ne,Mũi Né,Bình Thuận,dataset/mui-ne/mui-ne-10.jpg
mui-ne-11.jpg,mui-ne,mui-ne,Mũi Né,Bình Thuận,dataset/mui-ne/mui-ne-11.jpg
mui-ne-12.jpg,mui-ne,mui-ne,Mũi Né,Bình Thuận,dataset/mui-ne/mui-ne-12.jpg
mui-ne-13.jpg,mui-ne,mui-ne,Mũi Né,Bình Thuận,dataset/mui-ne/mui-ne-13.jpg
mui-ne-14.jpg,mui-ne,mui-ne,Mũi Né,Bình Thuận,dataset/mui-ne/mui-ne-14.jpg
mui-ne-15.jpg,mui-ne,mui-ne,Mũi Né,Bình Thuận,dataset/mui-ne/mui-ne-15.jpg
mui-ne-16.jpg,mui-ne,mui-ne,Mũi Né,Bình Thuận,dataset/mui-ne/mui-ne-16.jpg
mui-ne-17.jpg,mui-ne,mui-ne,Mũi Né,Bình Thuận,dataset/mui-ne/mui-ne-17.jpg
mui-ne-18.jpg,mui-ne,mui-ne,Mũi Né,Bình Thuận,dataset/mui-ne/mui-ne-18.jpg
mui-ne-19.jpg,mui-ne,mui-ne,Mũi Né,Bình Thuận,dataset/mui-ne/mui-ne-19.jpg
mui-ne-20.jpg,mui-ne,mui-ne,Mũi Né,Bình Thuận,dataset/mui-ne/mui-ne-20.jpg
mui-ne-21.jpg,mui-ne,mui-ne,Mũi Né,Bình Thuận,dataset/mui-ne/mui-ne-21.jpg
mui-ne-22.jpg,mui-ne,mui-ne,Mũi Né,Bình Thuận,dataset/mui-ne/mui-ne-22.jpg
mui-ne-23.jpg,mui-ne,mui-ne,Mũi Né,Bình Thuận,dataset/mui-ne/mui-ne-23.jpg
mui-ne-24.jpg,mui-ne,mui-ne,Mũi Né,Bình Thuận,dataset/mui-ne/mui-ne-24.jpg
mui-ne-25.jpg,mui-ne,mui-ne,Mũi Né,Bình Thuận,dataset/mui-ne/mui-ne-25.jpg
mui-ne-26.jpg,mui-ne,mui-ne,Mũi Né,Bình Thuận,dataset/mui-ne/mui-ne-26.jpg
mui-ne-27.jpg,mui-ne,mui-ne,Mũi Né,Bình Thuận,dataset/mui-ne/mui-ne-27.jpg
mui-ne-28.jpg,mui-ne,mui-ne,Mũi Né,Bình Thuận,dataset/mui-ne/mui-ne-28.jpg
mui-ne-29.jpg,mui-ne,mui-ne,Mũi Né,Bình Thuận,dataset/mui-ne/mui-ne-29.jpg
mui-ne-30.jpg,mui-ne,mui-ne,Mũi Né,Bình Thuận,dataset/mui-ne/mui-ne-30.jpg
mui-ne-31.jpg,mui-ne,mui-ne,Mũi Né,Bình Thuận,dataset/mui-ne/mui-ne-31.jpg
mui-ne-32.jpg,mui-ne,mui-ne,Mũi Né,Bình Thuận,dataset/mui-ne/mui-ne-32.jpg
mui-ne-33.jpg,mui-ne,mui-ne,Mũi Né,Bình Thuận,dataset/mui-ne/mui-ne-33.jpg
mui-ne-34.jpg,mui-ne,mui-ne,Mũi Né,Bình Thuận,dataset/mui-ne/mui-ne-34.jpg
mui-ne-35.jpg,mui-ne,mui-ne,Mũi Né,Bình Thuận,dataset/mui-ne/mui-ne-35.jpg
mui-ne-36.jpg,mui-ne,mui-ne,Mũi Né,Bình Thuận,dataset/mui-ne/mui-ne-36.jpg
mui-ne-37.jpg,mui-ne,mui-ne,Mũi Né,Bình Thuận,dataset/mui-ne/mui-ne-37.jpg
mui-ne-38.jpg,mui-ne,mui-ne,Mũi Né,Bình Thuận,dataset/mui-ne/mui-ne-38.jpg
mui-ne-39.jpg,mui-ne,mui-ne,Mũi Né,Bình Thuận,dataset/mui-ne/mui-ne-39.jpg
mui-ne-40.jpg,mui-ne,mui-ne,Mũi Né,Bình Thuận,dataset/mui-ne/mui-ne-40.jpg
mui-ne-41.jpg,mui-ne,mui-ne,Mũi Né,Bình Thuận,dataset/mui-ne/mui-ne-41.jpg
mui-ne-42.jpg,mui-ne,mui-ne,Mũi Né,Bình Thuận,dataset/mui-ne/mui-ne-42.jpg
mui-ne-43.jpg,mui-ne,mui-ne,Mũi Né,Bình Thuận,dataset/mui-ne/mui-ne-43.jpg
mui-ne-44.jpg,mui-ne,mui-ne,Mũi Né,Bình Thuận,dataset/mui-ne/mui-ne-44.jpg
mui-ne-45.jpg,mui-ne,mui-ne,Mũi Né,Bình Thuận,dataset/mui-ne/mui-ne-45.jpg
mui-ne-46.jpg,mui-ne,mui-ne,Mũi Né,Bình Thuận,dataset/mui-ne/mui-ne-46.jpg
mui-ne-47.jpg,mui-ne,mui-ne,Mũi Né,Bình Thuận,dataset/mui-ne/mui-ne-47.jpg
mui-ne-48.jpg,mui-ne,mui-ne,Mũi Né,Bình Thuận,dataset/mui-ne/mui-ne-48.jpg
mui-ne-49.jpg,mui-ne,mui-ne,Mũi Né,Bình Thuận,dataset/mui-ne/mui-ne-49.jpg
mui-ne-50.jpg,mui-ne,mui-ne,Mũi Né,Bình Thuận,dataset/mui-ne/mui-ne-50.jpg
mui-ne-51.jpg,mui-ne,mui-ne,Mũi Né,Bình Thuận,dataset/mui-ne/mui-ne-51.jpg
mui-ne-52.jpg,mui-ne,mui-ne,Mũi Né,Bình Thuận,dataset/mui-ne/mui-ne-52.jpg
mui-ne-53.jpg,mui-ne,mui-ne,Mũi Né,Bình Thuận,dataset/mui-ne/mui-ne-53.jpg
mui-ne-54.jpg,mui-ne,mui-ne,Mũi Né,Bình Thuận,dataset/mui-ne/mui-ne-54.jpg
mui-ne-55.jpg,mui-ne,mui-ne,Mũi Né,Bình Thuận,dataset/mui-ne/mui-ne-55.jpg
mui-ne-56.jpg,mui-ne,mui-ne,Mũi Né,Bình Thuận,dataset/mui-ne/mui-ne-56.jpg
mui-ne-57.jpg,mui-ne,mui-ne,Mũi Né,Bình Thuận,dataset/mui-ne/mui-ne-57.jpg
mui-ne-58.jpg,mui-ne,mui-ne,Mũi Né,Bình Thuận,dataset/mui-ne/mui-ne-58.jpg
mui-ne-59.jpg,mui-ne,mui-ne,Mũi Né,Bình Thuận,dataset/mui-ne/mui-ne-59.jpg
mui-ne-60.jpg,mui-ne,mui-ne,Mũi Né,Bình Thuận,dataset/mui-ne/mui-ne-60.jpg
nha-trang-01.jpg,nha-trang,nha-trang,Nha Trang,Khánh Hòa,dataset/nha-trang/nha-trang-01.jpg
nha-trang-02.jpg,nha-trang,nha-trang,Nha Trang,Khánh Hòa,dataset/nha-trang/nha-trang-02.jpg
nha-trang-03.jpg,nha-trang,nha-trang,Nha Trang,Khánh Hòa,dataset/nha-trang/nha-trang-03.jpg
nha-trang-04.jpg,nha-trang,nha-trang,Nha Trang,Khánh Hòa,dataset/nha-trang/nha-trang-04.jpg
nha-trang-05.jpg,nha-trang,nha-trang,Nha Trang,Khánh Hòa,dataset/nha-trang/nha-trang-05.jpg
nha-trang-06.jpg,nha-trang,nha-trang,Nha Trang,Khánh Hòa,dataset/nha-trang/nha-trang-06.jpg
nha-trang-07.jpg,nha-trang,nha-trang,Nha Trang,Khánh Hòa,dataset/nha-trang/nha-trang-07.jpg
nha-trang-08.jpg,nha-trang,nha-trang,Nha Trang,Khánh Hòa,dataset/nha-trang/nha-trang-08.jpg
nha-trang-09.jpg,nha-trang,nha-trang,Nha Trang,Khánh Hòa,dataset/nha-trang/nha-trang-09.jpg
nha-trang-10.jpg,nha-trang,nha-trang,Nha Trang,Khánh Hòa,dataset/nha-trang/nha-trang-10.jpg
nha-trang-11.jpg,nha-trang,nha-trang,Nha Trang,Khánh Hòa,dataset/nha-trang/nha-trang-11.jpg
nha-trang-12.jpg,nha-trang,nha-trang,Nha Trang,Khánh Hòa,dataset/nha-trang/nha-trang-12.jpg
nha-trang-13.jpg,nha-trang,nha-trang,Nha Trang,Khánh Hòa,dataset/nha-trang/nha-trang-13.jpg
nha-trang-14.jpg,nha-trang,nha-trang,Nha Trang,Khánh Hòa,dataset/nha-trang/nha-trang-14.jpg
nha-trang-15.jpg,nha-trang,nha-trang,Nha Trang,Khánh Hòa,dataset/nha-trang/nha-trang-15.jpg
nha-trang-16.jpg,nha-trang,nha-trang,Nha Trang,Khánh Hòa,dataset/nha-trang/nha-trang-16.jpg
nha-trang-17.jpg,nha-trang,nha-trang,Nha Trang,Khánh Hòa,dataset/nha-trang/nha-trang-17.jpg
nha-trang-18.jpg,nha-trang,nha-trang,Nha Trang,Khánh Hòa,dataset/nha-trang/nha-trang-18.jpg
nha-trang-19.jpg,nha-trang,nha-trang,Nha Trang,Khánh Hòa,dataset/nha-trang/nha-trang-19.jpg
nha-trang-20.jpg,nha-trang,nha-trang,Nha Trang,Khánh Hòa,dataset/nha-trang/nha-trang-20.jpg
nha-trang-21.jpg,nha-trang,nha-trang,Nha Trang,Khánh Hòa,dataset/nha-trang/nha-trang-21.jpg
nha-trang-22.jpg,nha-trang,nha-trang,Nha Trang,Khánh Hòa,dataset/nha-trang/nha-trang-22.jpg
nha-trang-23.jpg,nha-trang,nha-trang,Nha Trang,Khánh Hòa,dataset/nha-trang/nha-trang-23.jpg
nha-trang-24.jpg,nha-trang,nha-trang,Nha Trang,Khánh Hòa,dataset/nha-trang/nha-trang-24.jpg
nha-trang-25.jpg,nha-trang,nha-trang,Nha Trang,Khánh Hòa,dataset/nha-trang/nha-trang-25.jpg
nha-trang-26.jpg,nha-trang,nha-trang,Nha Trang,Khánh Hòa,dataset/nha-trang/nha-trang-26.jpg
nha-trang-27.jpg,nha-trang,nha-trang,Nha Trang,Khánh Hòa,dataset/nha-trang/nha-trang-27.jpg
nha-trang-28.jpg,nha-trang,nha-trang,Nha Trang,Khánh Hòa,dataset/nha-trang/nha-trang-28.jpg
nha-trang-29.jpg,nha-trang,nha-trang,Nha Trang,Khánh Hòa,dataset/nha-trang/nha-trang-29.jpg
nha-trang-30.jpg,nha-trang,nha-trang,Nha Trang,Khánh Hòa,dataset/nha-trang/nha-trang-30.jpg
nha-trang-31.jpg,nha-trang,nha-trang,Nha Trang,Khánh Hòa,dataset/nha-trang/nha-trang-31.jpg
nha-trang-32.jpg,nha-trang,nha-trang,Nha Trang,Khánh Hòa,dataset/nha-trang/nha-trang-32.jpg
nha-trang-33.jpg,nha-trang,nha-trang,Nha Trang,Khánh Hòa,dataset/nha-trang/nha-trang-33.jpg
nha-trang-34.jpg,nha-trang,nha-trang,Nha Trang,Khánh Hòa,dataset/nha-trang/nha-trang-34.jpg
nha-trang-35.jpg,nha-trang,nha-trang,Nha Trang,Khánh Hòa,dataset/nha-trang/nha-trang-35.jpg
nha-trang-36.jpg,nha-trang,nha-trang,Nha Trang,Khánh Hòa,dataset/nha-trang/nha-trang-36.jpg
nha-trang-37.jpg,nha-trang,nha-trang,Nha Trang,Khánh Hòa,dataset/nha-trang/nha-trang-37.jpg
nha-trang-38.jpg,nha-trang,nha-trang,Nha Trang,Khánh Hòa,dataset/nha-trang/nha-trang-38.jpg
nha-trang-39.jpg,nha-trang,nha-trang,Nha Trang,Khánh Hòa,dataset/nha-trang/nha-trang-39.jpg
nha-trang-40.jpg,nha-trang,nha-trang,Nha Trang,Khánh Hòa,dataset/nha-trang/nha-trang-40.jpg
nha-trang-41.jpg,nha-trang,nha-trang,Nha Trang,Khánh Hòa,dataset/nha-trang/nha-trang-41.jpg
nha-trang-42.jpg,nha-trang,nha-trang,Nha Trang,Khánh Hòa,dataset/nha-trang/nha-trang-42.jpg
nha-trang-43.jpg,nha-trang,nha-trang,Nha Trang,Khánh Hòa,dataset/nha-trang/nha-trang-43.jpg
nha-trang-44.jpg,nha-trang,nha-trang,Nha Trang,Khánh Hòa,dataset/nha-trang/nha-trang-44.jpg
nha-trang-45.jpg,nha-trang,nha-trang,Nha Trang,Khánh Hòa,dataset/nha-trang/nha-trang-45.jpg
nha-trang-46.jpg,nha-trang,nha-trang,Nha Trang,Khánh Hòa,dataset/nha-trang/nha-trang-46.jpg
nha-trang-47.jpg,nha-trang,nha-trang,Nha Trang,Khánh Hòa,dataset/nha-trang/nha-trang-47.jpg
nha-trang-48.jpg,nha-trang,nha-trang,Nha Trang,Khánh Hòa,dataset/nha-trang/nha-trang-48.jpg
nha-trang-49.jpg,nha-trang,nha-trang,Nha Trang,Khánh Hòa,dataset/nha-trang/nha-trang-49.jpg
nha-trang-50.jpg,nha-trang,nha-trang,Nha Trang,Khánh Hòa,dataset/nha-trang/nha-trang-50.jpg
nha-trang-51.jpg,nha-trang,nha-trang,Nha Trang,Khánh Hòa,dataset/nha-trang/nha-trang-51.jpg
nha-trang-52.jpg,nha-trang,nha-trang,Nha Trang,Khánh Hòa,dataset/nha-trang/nha-trang-52.jpg
nha-trang-53.jpg,nha-trang,nha-trang,Nha Trang,Khánh Hòa,dataset/nha-trang/nha-trang-53.jpg
nha-trang-54.jpg,nha-trang,nha-trang,Nha Trang,Khánh Hòa,dataset/nha-trang/nha-trang-54.jpg
nha-trang-55.jpg,nha-trang,nha-trang,Nha Trang,Khánh Hòa,dataset/nha-trang/nha-trang-55.jpg
nha-trang-56.jpg,nha-trang,nha-trang,Nha Trang,Khánh Hòa,dataset/nha-trang/nha-trang-56.jpg
nha-trang-57.jpg,nha-trang,nha-trang,Nha Trang,Khánh Hòa,dataset/nha-trang/nha-trang-57.jpg
nha-trang-58.jpg,nha-trang,nha-trang,Nha Trang,Khánh Hòa,dataset/nha-trang/nha-trang-58.jpg
nha-trang-59.jpg,nha-trang,nha-trang,Nha Trang,Khánh Hòa,dataset/nha-trang/nha-trang-59.jpg
nha-trang-60.jpg,nha-trang,nha-trang,Nha Trang,Khánh Hòa,dataset/nha-trang/nha-trang-60.jpg
ninh-binh-01.jpg,ninh-binh,ninh-binh,Ninh Bình,Ninh Bình,dataset/ninh-binh/ninh-binh-01.jpg
ninh-binh-02.jpg,ninh-binh,ninh-binh,Ninh Bình,Ninh Bình,dataset/ninh-binh/ninh-binh-02.jpg
ninh-binh-03.jpg,ninh-binh,ninh-binh,Ninh Bình,Ninh Bình,dataset/ninh-binh/ninh-binh-03.jpg
ninh-binh-04.jpg,ninh-binh,ninh-binh,Ninh Bình,Ninh Bình,dataset/ninh-binh/ninh-binh-04.jpg
ninh-binh-05.jpg,ninh-binh,ninh-binh,Ninh Bình,Ninh Bình,dataset/ninh-binh/ninh-binh-05.jpg
ninh-binh-06.jpg,ninh-binh,ninh-binh,Ninh Bình,Ninh Bình,dataset/ninh-binh/ninh-binh-06.jpg
ninh-binh-07.jpg,ninh-binh,ninh-binh,Ninh Bình,Ninh Bình,dataset/ninh-binh/ninh-binh-07.jpg
ninh-binh-08.jpg,ninh-binh,ninh-binh,Ninh Bình,Ninh Bình,dataset/ninh-binh/ninh-binh-08.jpg
ninh-binh-09.jpg,ninh-binh,ninh-binh,Ninh Bình,Ninh Bình,dataset/ninh-binh/ninh-binh-09.jpg
ninh-binh-10.jpg,ninh-binh,ninh-binh,Ninh Bình,Ninh Bình,dataset/ninh-binh/ninh-binh-10.jpg
ninh-binh-11.jpg,ninh-binh,ninh-binh,Ninh Bình,Ninh Bình,dataset/ninh-binh/ninh-binh-11.jpg
ninh-binh-12.jpg,ninh-binh,ninh-binh,Ninh Bình,Ninh Bình,dataset/ninh-binh/ninh-binh-12.jpg
ninh-binh-13.jpg,ninh-binh,ninh-binh,Ninh Bình,Ninh Bình,dataset/ninh-binh/ninh-binh-13.jpg
ninh-binh-14.jpg,ninh-binh,ninh-binh,Ninh Bình,Ninh Bình,dataset/ninh-binh/ninh-binh-14.jpg
ninh-binh-15.jpg,ninh-binh,ninh-binh,Ninh Bình,Ninh Bình,dataset/ninh-binh/ninh-binh-15.jpg
ninh-binh-16.jpg,ninh-binh,ninh-binh,Ninh Bình,Ninh Bình,dataset/ninh-binh/ninh-binh-16.jpg
ninh-binh-17.jpg,ninh-binh,ninh-binh,Ninh Bình,Ninh Bình,dataset/ninh-binh/ninh-binh-17.jpg
ninh-binh-18.jpg,ninh-binh,ninh-binh,Ninh Bình,Ninh Bình,dataset/ninh-binh/ninh-binh-18.jpg
ninh-binh-19.jpg,ninh-binh,ninh-binh,Ninh Bình,Ninh Bình,dataset/ninh-binh/ninh-binh-19.jpg
ninh-binh-20.jpg,ninh-binh,ninh-binh,Ninh Bình,Ninh Bình,dataset/ninh-binh/ninh-binh-20.jpg
ninh-binh-21.jpg,ninh-binh,ninh-binh,Ninh Bình,Ninh Bình,dataset/ninh-binh/ninh-binh-21.jpg
ninh-binh-22.jpg,ninh-binh,ninh-binh,Ninh Bình,Ninh Bình,dataset/ninh-binh/ninh-binh-22.jpg
ninh-binh-23.jpg,ninh-binh,ninh-binh,Ninh Bình,Ninh Bình,dataset/ninh-binh/ninh-binh-23.jpg
ninh-binh-24.jpg,ninh-binh,ninh-binh,Ninh Bình,Ninh Bình,dataset/ninh-binh/ninh-binh-24.jpg
ninh-binh-25.jpg,ninh-binh,ninh-binh,Ninh Bình,Ninh Bình,dataset/ninh-binh/ninh-binh-25.jpg
ninh-binh-26.jpg,ninh-binh,ninh-binh,Ninh Bình,Ninh Bình,dataset/ninh-binh/ninh-binh-26.jpg
ninh-binh-27.jpg,ninh-binh,ninh-binh,Ninh Bình,Ninh Bình,dataset/ninh-binh/ninh-binh-27.jpg
ninh-binh-28.jpg,ninh-binh,ninh-binh,Ninh Bình,Ninh Bình,dataset/ninh-binh/ninh-binh-28.jpg
ninh-binh-29.jpg,ninh-binh,ninh-binh,Ninh Bình,Ninh Bình,dataset/ninh-binh/ninh-binh-29.jpg
ninh-binh-30.jpg,ninh-binh,ninh-binh,Ninh Bình,Ninh Bình,dataset/ninh-binh/ninh-binh-30.jpg
ninh-binh-31.jpg,ninh-binh,ninh-binh,Ninh Bình,Ninh Bình,dataset/ninh-binh/ninh-binh-31.jpg
ninh-binh-32.jpg,ninh-binh,ninh-binh,Ninh Bình,Ninh Bình,dataset/ninh-binh/ninh-binh-32.jpg
ninh-binh-33.jpg,ninh-binh,ninh-binh,Ninh Bình,Ninh Bình,dataset/ninh-binh/ninh-binh-33.jpg
ninh-binh-34.jpg,ninh-binh,ninh-binh,Ninh Bình,Ninh Bình,dataset/ninh-binh/ninh-binh-34.jpg
ninh-binh-35.jpg,ninh-binh,ninh-binh,Ninh Bình,Ninh Bình,dataset/ninh-binh/ninh-binh-35.jpg
ninh-binh-36.jpg,ninh-binh,ninh-binh,Ninh Bình,Ninh Bình,dataset/ninh-binh/ninh-binh-36.jpg
ninh-binh-37.jpg,ninh-binh,ninh-binh,Ninh Bình,Ninh Bình,dataset/ninh-binh/ninh-binh-37.jpg
ninh-binh-38.jpg,ninh-binh,ninh-binh,Ninh Bình,Ninh Bình,dataset/ninh-binh/ninh-binh-38.jpg
ninh-binh-39.jpg,ninh-binh,ninh-binh,Ninh Bình,Ninh Bình,dataset/ninh-binh/ninh-binh-39.jpg
ninh-binh-40.jpg,ninh-binh,ninh-binh,Ninh Bình,Ninh Bình,dataset/ninh-binh/ninh-binh-40.jpg
ninh-binh-41.jpg,ninh-binh,ninh-binh,Ninh Bình,Ninh Bình,dataset/ninh-binh/ninh-binh-41.jpg
ninh-binh-42.jpg,ninh-binh,ninh-binh,Ninh Bình,Ninh Bình,dataset/ninh-binh/ninh-binh-42.jpg
ninh-binh-43.jpg,ninh-binh,ninh-binh,Ninh Bình,Ninh Bình,dataset/ninh-binh/ninh-binh-43.jpg
ninh-binh-44.jpg,ninh-binh,ninh-binh,Ninh Bình,Ninh Bình,dataset/ninh-binh/ninh-binh-44.jpg
ninh-binh-45.jpg,ninh-binh,ninh-binh,Ninh Bình,Ninh Bình,dataset/ninh-binh/ninh-binh-45.jpg
ninh-binh-46.jpg,ninh-binh,ninh-binh,Ninh Bình,Ninh Bình,dataset/ninh-binh/ninh-binh-46.jpg
ninh-binh-47.jpg,ninh-binh,ninh-binh,Ninh Bình,Ninh Bình,dataset/ninh-binh/ninh-binh-47.jpg
ninh-binh-48.jpg,ninh-binh,ninh-binh,Ninh Bình,Ninh Bình,dataset/ninh-binh/ninh-binh-48.jpg
ninh-binh-49.jpg,ninh-binh,ninh-binh,Ninh Bình,Ninh Bình,dataset/ninh-binh/ninh-binh-49.jpg
ninh-binh-50.jpg,ninh-binh,ninh-binh,Ninh Bình,Ninh Bình,dataset/ninh-binh/ninh-binh-50.jpg
ninh-binh-51.jpg,ninh-binh,ninh-binh,Ninh Bình,Ninh Bình,dataset/ninh-binh/ninh-binh-51.jpg
ninh-binh-52.jpg,ninh-binh,ninh-binh,Ninh Bình,Ninh Bình,dataset/ninh-binh/ninh-binh-52.jpg
ninh-binh-53.jpg,ninh-binh,ninh-binh,Ninh Bình,Ninh Bình,dataset/ninh-binh/ninh-binh-53.jpg
ninh-binh-54.jpg,ninh-binh,ninh-binh,Ninh Bình,Ninh Bình,dataset/ninh-binh/ninh-binh-54.jpg
ninh-binh-55.jpg,ninh-binh,ninh-binh,Ninh Bình,Ninh Bình,dataset/ninh-binh/ninh-binh-55.jpg
ninh-binh-56.jpg,ninh-binh,ninh-binh,Ninh Bình,Ninh Bình,dataset/ninh-binh/ninh-binh-56.jpg
ninh-binh-57.jpg,ninh-binh,ninh-binh,Ninh Bình,Ninh Bình,dataset/ninh-binh/ninh-binh-57.jpg
ninh-binh-58.jpg,ninh-binh,ninh-binh,Ninh Bình,Ninh Bình,dataset/ninh-binh/ninh-binh-58.jpg
ninh-binh-59.jpg,ninh-binh,ninh-binh,Ninh Bình,Ninh Bình,dataset/ninh-binh/ninh-binh-59.jpg
ninh-binh-60.jpg,ninh-binh,ninh-binh,Ninh Bình,Ninh Bình,dataset/ninh-binh/ninh-binh-60.jpg
phu-quoc-01.jpg,phu-quoc,phu-quoc,Phú Quốc,Kiên Giang,dataset/phu-quoc/phu-quoc-01.jpg
phu-quoc-02.jpg,phu-quoc,phu-quoc,Phú Quốc,Kiên Giang,dataset/phu-quoc/phu-quoc-02.jpg
phu-quoc-03.jpg,phu-quoc,phu-quoc,Phú Quốc,Kiên Giang,dataset/phu-quoc/phu-quoc-03.jpg
phu-quoc-04.jpg,phu-quoc,phu-quoc,Phú Quốc,Kiên Giang,dataset/phu-quoc/phu-quoc-04.jpg
phu-quoc-05.jpg,phu-quoc,phu-quoc,Phú Quốc,Kiên Giang,dataset/phu-quoc/phu-quoc-05.jpg
phu-quoc-06.jpg,phu-quoc,phu-quoc,Phú Quốc,Kiên Giang,dataset/phu-quoc/phu-quoc-06.jpg
phu-quoc-07.jpg,phu-quoc,phu-quoc,Phú Quốc,Kiên Giang,dataset/phu-quoc/phu-quoc-07.jpg
phu-quoc-08.jpg,phu-quoc,phu-quoc,Phú Quốc,Kiên Giang,dataset/phu-quoc/phu-quoc-08.jpg
phu-quoc-09.jpg,phu-quoc,phu-quoc,Phú Quốc,Kiên Giang,dataset/phu-quoc/phu-quoc-09.jpg
phu-quoc-10.jpg,phu-quoc,phu-quoc,Phú Quốc,Kiên Giang,dataset/phu-quoc/phu-quoc-10.jpg
phu-quoc-11.jpg,phu-quoc,phu-quoc,Phú Quốc,Kiên Giang,dataset/phu-quoc/phu-quoc-11.jpg
phu-quoc-12.jpg,phu-quoc,phu-quoc,Phú Quốc,Kiên Giang,dataset/phu-quoc/phu-quoc-12.jpg
phu-quoc-13.jpg,phu-quoc,phu-quoc,Phú Quốc,Kiên Giang,dataset/phu-quoc/phu-quoc-13.jpg
phu-quoc-14.jpg,phu-quoc,phu-quoc,Phú Quốc,Kiên Giang,dataset/phu-quoc/phu-quoc-14.jpg
phu-quoc-15.jpg,phu-quoc,phu-quoc,Phú Quốc,Kiên Giang,dataset/phu-quoc/phu-quoc-15.jpg
phu-quoc-16.jpg,phu-quoc,phu-quoc,Phú Quốc,Kiên Giang,dataset/phu-quoc/phu-quoc-16.jpg
phu-quoc-17.jpg,phu-quoc,phu-quoc,Phú Quốc,Kiên Giang,dataset/phu-quoc/phu-quoc-17.jpg
phu-quoc-18.jpg,phu-quoc,phu-quoc,Phú Quốc,Kiên Giang,dataset/phu-quoc/phu-quoc-18.jpg
phu-quoc-19.jpg,phu-quoc,phu-quoc,Phú Quốc,Kiên Giang,dataset/phu-quoc/phu-quoc-19.jpg
phu-quoc-20.jpg,phu-quoc,phu-quoc,Phú Quốc,Kiên Giang,dataset/phu-quoc/phu-quoc-20.jpg
phu-quoc-21.jpg,phu-quoc,phu-quoc,Phú Quốc,Kiên Giang,dataset/phu-quoc/phu-quoc-21.jpg
phu-quoc-22.jpg,phu-quoc,phu-quoc,Phú Quốc,Kiên Giang,dataset/phu-quoc/phu-quoc-22.jpg
phu-quoc-23.jpg,phu-quoc,phu-quoc,Phú Quốc,Kiên Giang,dataset/phu-quoc/phu-quoc-23.jpg
phu-quoc-24.jpg,phu-quoc,phu-quoc,Phú Quốc,Kiên Giang,dataset/phu-quoc/phu-quoc-24.jpg
phu-quoc-25.jpg,phu-quoc,phu-quoc,Phú Quốc,Kiên Giang,dataset/phu-quoc/phu-quoc-25.jpg
phu-quoc-26.jpg,phu-quoc,phu-quoc,Phú Quốc,Kiên Giang,dataset/phu-quoc/phu-quoc-26.jpg
phu-quoc-27.jpg,phu-quoc,phu-quoc,Phú Quốc,Kiên Giang,dataset/phu-quoc/phu-quoc-27.jpg
phu-quoc-28.jpg,phu-quoc,phu-quoc,Phú Quốc,Kiên Giang,dataset/phu-quoc/phu-quoc-28.jpg
phu-quoc-29.jpg,phu-quoc,phu-quoc,Phú Quốc,Kiên Giang,dataset/phu-quoc/phu-quoc-29.jpg
phu-quoc-30.jpg,phu-quoc,phu-quoc,Phú Quốc,Kiên Giang,dataset/phu-quoc/phu-quoc-30.jpg
phu-quoc-31.jpg,phu-quoc,phu-quoc,Phú Quốc,Kiên Giang,dataset/phu-quoc/phu-quoc-31.jpg
phu-quoc-32.jpg,phu-quoc,phu-quoc,Phú Quốc,Kiên Giang,dataset/phu-quoc/phu-quoc-32.jpg
phu-quoc-33.jpg,phu-quoc,phu-quoc,Phú Quốc,Kiên Giang,dataset/phu-quoc/phu-quoc-33.jpg
phu-quoc-34.jpg,phu-quoc,phu-quoc,Phú Quốc,Kiên Giang,dataset/phu-quoc/phu-quoc-34.jpg
phu-quoc-35.jpg,phu-quoc,phu-quoc,Phú Quốc,Kiên Giang,dataset/phu-quoc/phu-quoc-35.jpg
phu-quoc-36.jpg,phu-quoc,phu-quoc,Phú Quốc,Kiên Giang,dataset/phu-quoc/phu-quoc-36.jpg
phu-quoc-37.jpg,phu-quoc,phu-quoc,Phú Quốc,Kiên Giang,dataset/phu-quoc/phu-quoc-37.jpg
phu-quoc-38.jpg,phu-quoc,phu-quoc,Phú Quốc,Kiên Giang,dataset/phu-quoc/phu-quoc-38.jpg
phu-quoc-39.jpg,phu-quoc,phu-quoc,Phú Quốc,Kiên Giang,dataset/phu-quoc/phu-quoc-39.jpg
phu-quoc-40.jpg,phu-quoc,phu-quoc,Phú Quốc,Kiên Giang,dataset/phu-quoc/phu-quoc-40.jpg
phu-quoc-41.jpg,phu-quoc,phu-quoc,Phú Quốc,Kiên Giang,dataset/phu-quoc/phu-quoc-41.jpg
phu-quoc-42.jpg,phu-quoc,phu-quoc,Phú Quốc,Kiên Giang,dataset/phu-quoc/phu-quoc-42.jpg
phu-quoc-43.jpg,phu-quoc,phu-quoc,Phú Quốc,Kiên Giang,dataset/phu-quoc/phu-quoc-43.jpg
phu-quoc-44.jpg,phu-quoc,phu-quoc,Phú Quốc,Kiên Giang,dataset/phu-quoc/phu-quoc-44.jpg
phu-quoc-45.jpg,phu-quoc,phu-quoc,Phú Quốc,Kiên Giang,dataset/phu-quoc/phu-quoc-45.jpg
phu-quoc-46.jpg,phu-quoc,phu-quoc,Phú Quốc,Kiên Giang,dataset/phu-quoc/phu-quoc-46.jpg
phu-quoc-47.jpg,phu-quoc,phu-quoc,Phú Quốc,Kiên Giang,dataset/phu-quoc/phu-quoc-47.jpg
phu-quoc-48.jpg,phu-quoc,phu-quoc,Phú Quốc,Kiên Giang,dataset/phu-quoc/phu-quoc-48.jpg
phu-quoc-49.jpg,phu-quoc,phu-quoc,Phú Quốc,Kiên Giang,dataset/phu-quoc/phu-quoc-49.jpg
phu-quoc-50.jpg,phu-quoc,phu-quoc,Phú Quốc,Kiên Giang,dataset/phu-quoc/phu-quoc-50.jpg
phu-quoc-51.jpg,phu-quoc,phu-quoc,Phú Quốc,Kiên Giang,dataset/phu-quoc/phu-quoc-51.jpg
phu-quoc-52.jpg,phu-quoc,phu-quoc,Phú Quốc,Kiên Giang,dataset/phu-quoc/phu-quoc-52.jpg
phu-quoc-53.jpg,phu-quoc,phu-quoc,Phú Quốc,Kiên Giang,dataset/phu-quoc/phu-quoc-53.jpg
phu-quoc-54.jpg,phu-quoc,phu-quoc,Phú Quốc,Kiên Giang,dataset/phu-quoc/phu-quoc-54.jpg
phu-quoc-55.jpg,phu-quoc,phu-quoc,Phú Quốc,Kiên Giang,dataset/phu-quoc/phu-quoc-55.jpg
phu-quoc-56.jpg,phu-quoc,phu-quoc,Phú Quốc,Kiên Giang,dataset/phu-quoc/phu-quoc-56.jpg
phu-quoc-57.jpg,phu-quoc,phu-quoc,Phú Quốc,Kiên Giang,dataset/phu-quoc/phu-quoc-57.jpg
phu-quoc-58.jpg,phu-quoc,phu-quoc,Phú Quốc,Kiên Giang,dataset/phu-quoc/phu-quoc-58.jpg
phu-quoc-59.jpg,phu-quoc,phu-quoc,Phú Quốc,Kiên Giang,dataset/phu-quoc/phu-quoc-59.jpg
phu-quoc-60.jpg,phu-quoc,phu-quoc,Phú Quốc,Kiên Giang,dataset/phu-quoc/phu-quoc-60.jpg
quy-nhon-01.jpg,quy-nhon,quy-nhon,Quy Nhơn,Bình Định,dataset/quy-nhon/quy-nhon-01.jpg
quy-nhon-02.jpg,quy-nhon,quy-nhon,Quy Nhơn,Bình Định,dataset/quy-nhon/quy-nhon-02.jpg
quy-nhon-03.jpg,quy-nhon,quy-nhon,Quy Nhơn,Bình Định,dataset/quy-nhon/quy-nhon-03.jpg
quy-nhon-04.jpg,quy-nhon,quy-nhon,Quy Nhơn,Bình Định,dataset/quy-nhon/quy-nhon-04.jpg
quy-nhon-05.jpg,quy-nhon,quy-nhon,Quy Nhơn,Bình Định,dataset/quy-nhon/quy-nhon-05.jpg
quy-nhon-06.jpg,quy-nhon,quy-nhon,Quy Nhơn,Bình Định,dataset/quy-nhon/quy-nhon-06.jpg
quy-nhon-07.jpg,quy-nhon,quy-nhon,Quy Nhơn,Bình Định,dataset/quy-nhon/quy-nhon-07.jpg
quy-nhon-08.jpg,quy-nhon,quy-nhon,Quy Nhơn,Bình Định,dataset/quy-nhon/quy-nhon-08.jpg
quy-nhon-09.jpg,quy-nhon,quy-nhon,Quy Nhơn,Bình Định,dataset/quy-nhon/quy-nhon-09.jpg
quy-nhon-10.jpg,quy-nhon,quy-nhon,Quy Nhơn,Bình Định,dataset/quy-nhon/quy-nhon-10.jpg
quy-nhon-11.jpg,quy-nhon,quy-nhon,Quy Nhơn,Bình Định,dataset/quy-nhon/quy-nhon-11.jpg
quy-nhon-12.jpg,quy-nhon,quy-nhon,Quy Nhơn,Bình Định,dataset/quy-nhon/quy-nhon-12.jpg
quy-nhon-13.jpg,quy-nhon,quy-nhon,Quy Nhơn,Bình Định,dataset/quy-nhon/quy-nhon-13.jpg
quy-nhon-14.jpg,quy-nhon,quy-nhon,Quy Nhơn,Bình Định,dataset/quy-nhon/quy-nhon-14.jpg
quy-nhon-15.jpg,quy-nhon,quy-nhon,Quy Nhơn,Bình Định,dataset/quy-nhon/quy-nhon-15.jpg
quy-nhon-16.jpg,quy-nhon,quy-nhon,Quy Nhơn,Bình Định,dataset/quy-nhon/quy-nhon-16.jpg
quy-nhon-17.jpg,quy-nhon,quy-nhon,Quy Nhơn,Bình Định,dataset/quy-nhon/quy-nhon-17.jpg
quy-nhon-18.jpg,quy-nhon,quy-nhon,Quy Nhơn,Bình Định,dataset/quy-nhon/quy-nhon-18.jpg
quy-nhon-19.jpg,quy-nhon,quy-nhon,Quy Nhơn,Bình Định,dataset/quy-nhon/quy-nhon-19.jpg
quy-nhon-20.jpg,quy-nhon,quy-nhon,Quy Nhơn,Bình Định,dataset/quy-nhon/quy-nhon-20.jpg
quy-nhon-21.jpg,quy-nhon,quy-nhon,Quy Nhơn,Bình Định,dataset/quy-nhon/quy-nhon-21.jpg
quy-nhon-22.jpg,quy-nhon,quy-nhon,Quy Nhơn,Bình Định,dataset/quy-nhon/quy-nhon-22.jpg
quy-nhon-23.jpg,quy-nhon,quy-nhon,Quy Nhơn,Bình Định,dataset/quy-nhon/quy-nhon-23.jpg
quy-nhon-24.jpg,quy-nhon,quy-nhon,Quy Nhơn,Bình Định,dataset/quy-nhon/quy-nhon-24.jpg
quy-nhon-25.jpg,quy-nhon,quy-nhon,Quy Nhơn,Bình Định,dataset/quy-nhon/quy-nhon-25.jpg
quy-nhon-26.jpg,quy-nhon,quy-nhon,Quy Nhơn,Bình Định,dataset/quy-nhon/quy-nhon-26.jpg
quy-nhon-27.jpg,quy-nhon,quy-nhon,Quy Nhơn,Bình Định,dataset/quy-nhon/quy-nhon-27.jpg
quy-nhon-28.jpg,quy-nhon,quy-nhon,Quy Nhơn,Bình Định,dataset/quy-nhon/quy-nhon-28.jpg
quy-nhon-29.jpg,quy-nhon,quy-nhon,Quy Nhơn,Bình Định,dataset/quy-nhon/quy-nhon-29.jpg
quy-nhon-30.jpg,quy-nhon,quy-nhon,Quy Nhơn,Bình Định,dataset/quy-nhon/quy-nhon-30.jpg
quy-nhon-31.jpg,quy-nhon,quy-nhon,Quy Nhơn,Bình Định,dataset/quy-nhon/quy-nhon-31.jpg
quy-nhon-32.jpg,quy-nhon,quy-nhon,Quy Nhơn,Bình Định,dataset/quy-nhon/quy-nhon-32.jpg
quy-nhon-33.jpg,quy-nhon,quy-nhon,Quy Nhơn,Bình Định,dataset/quy-nhon/quy-nhon-33.jpg
quy-nhon-34.jpg,quy-nhon,quy-nhon,Quy Nhơn,Bình Định,dataset/quy-nhon/quy-nhon-34.jpg
quy-nhon-35.jpg,quy-nhon,quy-nhon,Quy Nhơn,Bình Định,dataset/quy-nhon/quy-nhon-35.jpg
quy-nhon-36.jpg,quy-nhon,quy-nhon,Quy Nhơn,Bình Định,dataset/quy-nhon/quy-nhon-36.jpg
quy-nhon-37.jpg,quy-nhon,quy-nhon,Quy Nhơn,Bình Định,dataset/quy-nhon/quy-nhon-37.jpg
quy-nhon-38.jpg,quy-nhon,quy-nhon,Quy Nhơn,Bình Định,dataset/quy-nhon/quy-nhon-38.jpg
quy-nhon-39.jpg,quy-nhon,quy-nhon,Quy Nhơn,Bình Định,dataset/quy-nhon/quy-nhon-39.jpg
quy-nhon-40.jpg,quy-nhon,quy-nhon,Quy Nhơn,Bình Định,dataset/quy-nhon/quy-nhon-40.jpg
quy-nhon-41.jpg,quy-nhon,quy-nhon,Quy Nhơn,Bình Định,dataset/quy-nhon/quy-nhon-41.jpg
quy-nhon-42.jpg,quy-nhon,quy-nhon,Quy Nhơn,Bình Định,dataset/quy-nhon/quy-nhon-42.jpg
quy-nhon-43.jpg,quy-nhon,quy-nhon,Quy Nhơn,Bình Định,dataset/quy-nhon/quy-nhon-43.jpg
quy-nhon-44.jpg,quy-nhon,quy-nhon,Quy Nhơn,Bình Định,dataset/quy-nhon/quy-nhon-44.jpg
quy-nhon-45.jpg,quy-nhon,quy-nhon,Quy Nhơn,Bình Định,dataset/quy-nhon/quy-nhon-45.jpg
quy-nhon-46.jpg,quy-nhon,quy-nhon,Quy Nhơn,Bình Định,dataset/quy-nhon/quy-nhon-46.jpg
quy-nhon-47.jpg,quy-nhon,quy-nhon,Quy Nhơn,Bình Định,dataset/quy-nhon/quy-nhon-47.jpg
quy-nhon-48.jpg,quy-nhon,quy-nhon,Quy Nhơn,Bình Định,dataset/quy-nhon/quy-nhon-48.jpg
quy-nhon-49.jpg,quy-nhon,quy-nhon,Quy Nhơn,Bình Định,dataset/quy-nhon/quy-nhon-49.jpg
quy-nhon-50.jpg,quy-nhon,quy-nhon,Quy Nhơn,Bình Định,dataset/quy-nhon/quy-nhon-50.jpg
quy-nhon-51.jpg,quy-nhon,quy-nhon,Quy Nhơn,Bình Định,dataset/quy-nhon/quy-nhon-51.jpg
quy-nhon-52.jpg,quy-nhon,quy-nhon,Quy Nhơn,Bình Định,dataset/quy-nhon/quy-nhon-52.jpg
quy-nhon-53.jpg,quy-nhon,quy-nhon,Quy Nhơn,Bình Định,dataset/quy-nhon/quy-nhon-53.jpg
quy-nhon-54.jpg,quy-nhon,quy-nhon,Quy Nhơn,Bình Định,dataset/quy-nhon/quy-nhon-54.jpg
quy-nhon-55.jpg,quy-nhon,quy-nhon,Quy Nhơn,Bình Định,dataset/quy-nhon/quy-nhon-55.jpg
quy-nhon-56.jpg,quy-nhon,quy-nhon,Quy Nhơn,Bình Định,dataset/quy-nhon/quy-nhon-56.jpg
quy-nhon-57.jpg,quy-nhon,quy-nhon,Quy Nhơn,Bình Định,dataset/quy-nhon/quy-nhon-57.jpg
quy-nhon-58.jpg,quy-nhon,quy-nhon,Quy Nhơn,Bình Định,dataset/quy-nhon/quy-nhon-58.jpg
quy-nhon-59.jpg,quy-nhon,quy-nhon,Quy Nhơn,Bình Định,dataset/quy-nhon/quy-nhon-59.jpg
quy-nhon-60.jpg,quy-nhon,quy-nhon,Quy Nhơn,Bình Định,dataset/quy-nhon/quy-nhon-60.jpg
sa-pa-01.jpg,sa-pa,sa-pa,Sa Pa,Lào Cai,dataset/sa-pa/sa-pa-01.jpg
sa-pa-02.jpg,sa-pa,sa-pa,Sa Pa,Lào Cai,dataset/sa-pa/sa-pa-02.jpg
sa-pa-03.jpg,sa-pa,sa-pa,Sa Pa,Lào Cai,dataset/sa-pa/sa-pa-03.jpg
sa-pa-04.jpg,sa-pa,sa-pa,Sa Pa,Lào Cai,dataset/sa-pa/sa-pa-04.jpg
sa-pa-05.jpg,sa-pa,sa-pa,Sa Pa,Lào Cai,dataset/sa-pa/sa-pa-05.jpg
sa-pa-06.jpg,sa-pa,sa-pa,Sa Pa,Lào Cai,dataset/sa-pa/sa-pa-06.jpg
sa-pa-07.jpg,sa-pa,sa-pa,Sa Pa,Lào Cai,dataset/sa-pa/sa-pa-07.jpg
sa-pa-08.jpg,sa-pa,sa-pa,Sa Pa,Lào Cai,dataset/sa-pa/sa-pa-08.jpg
sa-pa-09.jpg,sa-pa,sa-pa,Sa Pa,Lào Cai,dataset/sa-pa/sa-pa-09.jpg
sa-pa-10.jpg,sa-pa,sa-pa,Sa Pa,Lào Cai,dataset/sa-pa/sa-pa-10.jpg
sa-pa-11.jpg,sa-pa,sa-pa,Sa Pa,Lào Cai,dataset/sa-pa/sa-pa-11.jpg
sa-pa-12.jpg,sa-pa,sa-pa,Sa Pa,Lào Cai,dataset/sa-pa/sa-pa-12.jpg
sa-pa-13.jpg,sa-pa,sa-pa,Sa Pa,Lào Cai,dataset/sa-pa/sa-pa-13.jpg
sa-pa-14.jpg,sa-pa,sa-pa,Sa Pa,Lào Cai,dataset/sa-pa/sa-pa-14.jpg
sa-pa-15.jpg,sa-pa,sa-pa,Sa Pa,Lào Cai,dataset/sa-pa/sa-pa-15.jpg
sa-pa-16.jpg,sa-pa,sa-pa,Sa Pa,Lào Cai,dataset/sa-pa/sa-pa-16.jpg
sa-pa-17.jpg,sa-pa,sa-pa,Sa Pa,Lào Cai,dataset/sa-pa/sa-pa-17.jpg
sa-pa-18.jpg,sa-pa,sa-pa,Sa Pa,Lào Cai,dataset/sa-pa/sa-pa-18.jpg
sa-pa-19.jpg,sa-pa,sa-pa,Sa Pa,Lào Cai,dataset/sa-pa/sa-pa-19.jpg
sa-pa-20.jpg,sa-pa,sa-pa,Sa Pa,Lào Cai,dataset/sa-pa/sa-pa-20.jpg
sa-pa-21.jpg,sa-pa,sa-pa,Sa Pa,Lào Cai,dataset/sa-pa/sa-pa-21.jpg
sa-pa-22.jpg,sa-pa,sa-pa,Sa Pa,Lào Cai,dataset/sa-pa/sa-pa-22.jpg
sa-pa-23.jpg,sa-pa,sa-pa,Sa Pa,Lào Cai,dataset/sa-pa/sa-pa-23.jpg
sa-pa-24.jpg,sa-pa,sa-pa,Sa Pa,Lào Cai,dataset/sa-pa/sa-pa-24.jpg
sa-pa-25.jpg,sa-pa,sa-pa,Sa Pa,Lào Cai,dataset/sa-pa/sa-pa-25.jpg
sa-pa-26.jpg,sa-pa,sa-pa,Sa Pa,Lào Cai,dataset/sa-pa/sa-pa-26.jpg
sa-pa-27.jpg,sa-pa,sa-pa,Sa Pa,Lào Cai,dataset/sa-pa/sa-pa-27.jpg
sa-pa-28.jpg,sa-pa,sa-pa,Sa Pa,Lào Cai,dataset/sa-pa/sa-pa-28.jpg
sa-pa-29.jpg,sa-pa,sa-pa,Sa Pa,Lào Cai,dataset/sa-pa/sa-pa-29.jpg
sa-pa-30.jpg,sa-pa,sa-pa,Sa Pa,Lào Cai,dataset/sa-pa/sa-pa-30.jpg
sa-pa-31.jpg,sa-pa,sa-pa,Sa Pa,Lào Cai,dataset/sa-pa/sa-pa-31.jpg
sa-pa-32.jpg,sa-pa,sa-pa,Sa Pa,Lào Cai,dataset/sa-pa/sa-pa-32.jpg
sa-pa-33.jpg,sa-pa,sa-pa,Sa Pa,Lào Cai,dataset/sa-pa/sa-pa-33.jpg
sa-pa-34.jpg,sa-pa,sa-pa,Sa Pa,Lào Cai,dataset/sa-pa/sa-pa-34.jpg
sa-pa-35.jpg,sa-pa,sa-pa,Sa Pa,Lào Cai,dataset/sa-pa/sa-pa-35.jpg
sa-pa-36.jpg,sa-pa,sa-pa,Sa Pa,Lào Cai,dataset/sa-pa/sa-pa-36.jpg
sa-pa-37.jpg,sa-pa,sa-pa,Sa Pa,Lào Cai,dataset/sa-pa/sa-pa-37.jpg
sa-pa-38.jpg,sa-pa,sa-pa,Sa Pa,Lào Cai,dataset/sa-pa/sa-pa-38.jpg
sa-pa-39.jpg,sa-pa,sa-pa,Sa Pa,Lào Cai,dataset/sa-pa/sa-pa-39.jpg
sa-pa-40.jpg,sa-pa,sa-pa,Sa Pa,Lào Cai,dataset/sa-pa/sa-pa-40.jpg
sa-pa-41.jpg,sa-pa,sa-pa,Sa Pa,Lào Cai,dataset/sa-pa/sa-pa-41.jpg
sa-pa-42.jpg,sa-pa,sa-pa,Sa Pa,Lào Cai,dataset/sa-pa/sa-pa-42.jpg
sa-pa-43.jpg,sa-pa,sa-pa,Sa Pa,Lào Cai,dataset/sa-pa/sa-pa-43.jpg
sa-pa-44.jpg,sa-pa,sa-pa,Sa Pa,Lào Cai,dataset/sa-pa/sa-pa-44.jpg
sa-pa-45.jpg,sa-pa,sa-pa,Sa Pa,Lào Cai,dataset/sa-pa/sa-pa-45.jpg
sa-pa-46.jpg,sa-pa,sa-pa,Sa Pa,Lào Cai,dataset/sa-pa/sa-pa-46.jpg
sa-pa-47.jpg,sa-pa,sa-pa,Sa Pa,Lào Cai,dataset/sa-pa/sa-pa-47.jpg
sa-pa-48.jpg,sa-pa,sa-pa,Sa Pa,Lào Cai,dataset/sa-pa/sa-pa-48.jpg
sa-pa-49.jpg,sa-pa,sa-pa,Sa Pa,Lào Cai,dataset/sa-pa/sa-pa-49.jpg
sa-pa-50.jpg,sa-pa,sa-pa,Sa Pa,Lào Cai,dataset/sa-pa/sa-pa-50.jpg
sa-pa-51.jpg,sa-pa,sa-pa,Sa Pa,Lào Cai,dataset/sa-pa/sa-pa-51.jpg
sa-pa-52.jpg,sa-pa,sa-pa,Sa Pa,Lào Cai,dataset/sa-pa/sa-pa-52.jpg
sa-pa-53.jpg,sa-pa,sa-pa,Sa Pa,Lào Cai,dataset/sa-pa/sa-pa-53.jpg
sa-pa-54.jpg,sa-pa,sa-pa,Sa Pa,Lào Cai,dataset/sa-pa/sa-pa-54.jpg
sa-pa-55.jpg,sa-pa,sa-pa,Sa Pa,Lào Cai,dataset/sa-pa/sa-pa-55.jpg
sa-pa-56.jpg,sa-pa,sa-pa,Sa Pa,Lào Cai,dataset/sa-pa/sa-pa-56.jpg
sa-pa-57.jpg,sa-pa,sa-pa,Sa Pa,Lào Cai,dataset/sa-pa/sa-pa-57.jpg
sa-pa-58.jpg,sa-pa,sa-pa,Sa Pa,Lào Cai,dataset/sa-pa/sa-pa-58.jpg
sa-pa-59.jpg,sa-pa,sa-pa,Sa Pa,Lào Cai,dataset/sa-pa/sa-pa-59.jpg
sa-pa-60.jpg,sa-pa,sa-pa,Sa Pa,Lào Cai,dataset/sa-pa/sa-pa-60.jpg
tay-ninh-01.jpg,tay-ninh,tay-ninh,Tây Ninh,Tây Ninh,dataset/tay-ninh/tay-ninh-01.jpg
tay-ninh-02.jpg,tay-ninh,tay-ninh,Tây Ninh,Tây Ninh,dataset/tay-ninh/tay-ninh-02.jpg
tay-ninh-03.jpg,tay-ninh,tay-ninh,Tây Ninh,Tây Ninh,dataset/tay-ninh/tay-ninh-03.jpg
tay-ninh-04.jpg,tay-ninh,tay-ninh,Tây Ninh,Tây Ninh,dataset/tay-ninh/tay-ninh-04.jpg
tay-ninh-05.jpg,tay-ninh,tay-ninh,Tây Ninh,Tây Ninh,dataset/tay-ninh/tay-ninh-05.jpg
tay-ninh-06.jpg,tay-ninh,tay-ninh,Tây Ninh,Tây Ninh,dataset/tay-ninh/tay-ninh-06.jpg
tay-ninh-07.jpg,tay-ninh,tay-ninh,Tây Ninh,Tây Ninh,dataset/tay-ninh/tay-ninh-07.jpg
tay-ninh-08.jpg,tay-ninh,tay-ninh,Tây Ninh,Tây Ninh,dataset/tay-ninh/tay-ninh-08.jpg
tay-ninh-09.jpg,tay-ninh,tay-ninh,Tây Ninh,Tây Ninh,dataset/tay-ninh/tay-ninh-09.jpg
tay-ninh-10.jpg,tay-ninh,tay-ninh,Tây Ninh,Tây Ninh,dataset/tay-ninh/tay-ninh-10.jpg
tay-ninh-11.jpg,tay-ninh,tay-ninh,Tây Ninh,Tây Ninh,dataset/tay-ninh/tay-ninh-11.jpg
tay-ninh-12.jpg,tay-ninh,tay-ninh,Tây Ninh,Tây Ninh,dataset/tay-ninh/tay-ninh-12.jpg
tay-ninh-13.jpg,tay-ninh,tay-ninh,Tây Ninh,Tây Ninh,dataset/tay-ninh/tay-ninh-13.jpg
tay-ninh-14.jpg,tay-ninh,tay-ninh,Tây Ninh,Tây Ninh,dataset/tay-ninh/tay-ninh-14.jpg
tay-ninh-15.jpg,tay-ninh,tay-ninh,Tây Ninh,Tây Ninh,dataset/tay-ninh/tay-ninh-15.jpg
tay-ninh-16.jpg,tay-ninh,tay-ninh,Tây Ninh,Tây Ninh,dataset/tay-ninh/tay-ninh-16.jpg
tay-ninh-17.jpg,tay-ninh,tay-ninh,Tây Ninh,Tây Ninh,dataset/tay-ninh/tay-ninh-17.jpg
tay-ninh-18.jpg,tay-ninh,tay-ninh,Tây Ninh,Tây Ninh,dataset/tay-ninh/tay-ninh-18.jpg
tay-ninh-19.jpg,tay-ninh,tay-ninh,Tây Ninh,Tây Ninh,dataset/tay-ninh/tay-ninh-19.jpg
tay-ninh-20.jpg,tay-ninh,tay-ninh,Tây Ninh,Tây Ninh,dataset/tay-ninh/tay-ninh-20.jpg
tay-ninh-21.jpg,tay-ninh,tay-ninh,Tây Ninh,Tây Ninh,dataset/tay-ninh/tay-ninh-21.jpg
tay-ninh-22.jpg,tay-ninh,tay-ninh,Tây Ninh,Tây Ninh,dataset/tay-ninh/tay-ninh-22.jpg
tay-ninh-23.jpg,tay-ninh,tay-ninh,Tây Ninh,Tây Ninh,dataset/tay-ninh/tay-ninh-23.jpg
tay-ninh-24.jpg,tay-ninh,tay-ninh,Tây Ninh,Tây Ninh,dataset/tay-ninh/tay-ninh-24.jpg
tay-ninh-25.jpg,tay-ninh,tay-ninh,Tây Ninh,Tây Ninh,dataset/tay-ninh/tay-ninh-25.jpg
tay-ninh-26.jpg,tay-ninh,tay-ninh,Tây Ninh,Tây Ninh,dataset/tay-ninh/tay-ninh-26.jpg
tay-ninh-27.jpg,tay-ninh,tay-ninh,Tây Ninh,Tây Ninh,dataset/tay-ninh/tay-ninh-27.jpg
tay-ninh-28.jpg,tay-ninh,tay-ninh,Tây Ninh,Tây Ninh,dataset/tay-ninh/tay-ninh-28.jpg
tay-ninh-29.jpg,tay-ninh,tay-ninh,Tây Ninh,Tây Ninh,dataset/tay-ninh/tay-ninh-29.jpg
tay-ninh-30.jpg,tay-ninh,tay-ninh,Tây Ninh,Tây Ninh,dataset/tay-ninh/tay-ninh-30.jpg
tay-ninh-31.jpg,tay-ninh,tay-ninh,Tây Ninh,Tây Ninh,dataset/tay-ninh/tay-ninh-31.jpg
tay-ninh-32.jpg,tay-ninh,tay-ninh,Tây Ninh,Tây Ninh,dataset/tay-ninh/tay-ninh-32.jpg
tay-ninh-33.jpg,tay-ninh,tay-ninh,Tây Ninh,Tây Ninh,dataset/tay-ninh/tay-ninh-33.jpg
tay-ninh-34.jpg,tay-ninh,tay-ninh,Tây Ninh,Tây Ninh,dataset/tay-ninh/tay-ninh-34.jpg
tay-ninh-35.jpg,tay-ninh,tay-ninh,Tây Ninh,Tây Ninh,dataset/tay-ninh/tay-ninh-35.jpg
tay-ninh-36.jpg,tay-ninh,tay-ninh,Tây Ninh,Tây Ninh,dataset/tay-ninh/tay-ninh-36.jpg
tay-ninh-37.jpg,tay-ninh,tay-ninh,Tây Ninh,Tây Ninh,dataset/tay-ninh/tay-ninh-37.jpg
tay-ninh-38.jpg,tay-ninh,tay-ninh,Tây Ninh,Tây Ninh,dataset/tay-ninh/tay-ninh-38.jpg
tay-ninh-39.jpg,tay-ninh,tay-ninh,Tây Ninh,Tây Ninh,dataset/tay-ninh/tay-ninh-39.jpg
tay-ninh-40.jpg,tay-ninh,tay-ninh,Tây Ninh,Tây Ninh,dataset/tay-ninh/tay-ninh-40.jpg
tay-ninh-41.jpg,tay-ninh,tay-ninh,Tây Ninh,Tây Ninh,dataset/tay-ninh/tay-ninh-41.jpg
tay-ninh-42.jpg,tay-ninh,tay-ninh,Tây Ninh,Tây Ninh,dataset/tay-ninh/tay-ninh-42.jpg
tay-ninh-43.jpg,tay-ninh,tay-ninh,Tây Ninh,Tây Ninh,dataset/tay-ninh/tay-ninh-43.jpg
tay-ninh-44.jpg,tay-ninh,tay-ninh,Tây Ninh,Tây Ninh,dataset/tay-ninh/tay-ninh-44.jpg
tay-ninh-45.jpg,tay-ninh,tay-ninh,Tây Ninh,Tây Ninh,dataset/tay-ninh/tay-ninh-45.jpg
tay-ninh-46.jpg,tay-ninh,tay-ninh,Tây Ninh,Tây Ninh,dataset/tay-ninh/tay-ninh-46.jpg
tay-ninh-47.jpg,tay-ninh,tay-ninh,Tây Ninh,Tây Ninh,dataset/tay-ninh/tay-ninh-47.jpg
tay-ninh-48.jpg,tay-ninh,tay-ninh,Tây Ninh,Tây Ninh,dataset/tay-ninh/tay-ninh-48.jpg
tay-ninh-49.jpg,tay-ninh,tay-ninh,Tây Ninh,Tây Ninh,dataset/tay-ninh/tay-ninh-49.jpg
tay-ninh-50.jpg,tay-ninh,tay-ninh,Tây Ninh,Tây Ninh,dataset/tay-ninh/tay-ninh-50.jpg
tay-ninh-51.jpg,tay-ninh,tay-ninh,Tây Ninh,Tây Ninh,dataset/tay-ninh/tay-ninh-51.jpg
tay-ninh-52.jpg,tay-ninh,tay-ninh,Tây Ninh,Tây Ninh,dataset/tay-ninh/tay-ninh-52.jpg
tay-ninh-53.jpg,tay-ninh,tay-ninh,Tây Ninh,Tây Ninh,dataset/tay-ninh/tay-ninh-53.jpg
tay-ninh-54.jpg,tay-ninh,tay-ninh,Tây Ninh,Tây Ninh,dataset/tay-ninh/tay-ninh-54.jpg
tay-ninh-55.jpg,tay-ninh,tay-ninh,Tây Ninh,Tây Ninh,dataset/tay-ninh/tay-ninh-55.jpg
tay-ninh-56.jpg,tay-ninh,tay-ninh,Tây Ninh,Tây Ninh,dataset/tay-ninh/tay-ninh-56.jpg
tay-ninh-57.jpg,tay-ninh,tay-ninh,Tây Ninh,Tây Ninh,dataset/tay-ninh/tay-ninh-57.jpg
tay-ninh-58.jpg,tay-ninh,tay-ninh,Tây Ninh,Tây Ninh,dataset/tay-ninh/tay-ninh-58.jpg
tay-ninh-59.jpg,tay-ninh,tay-ninh,Tây Ninh,Tây Ninh,dataset/tay-ninh/tay-ninh-59.jpg
tay-ninh-60.jpg,tay-ninh,tay-ninh,Tây Ninh,Tây Ninh,dataset/tay-ninh/tay-ninh-60.jpg
vung-tau-01.jpg,vung-tau,vung-tau,Vũng Tàu,Bà Rịa - Vũng Tàu,dataset/vung-tau/vung-tau-01.jpg
vung-tau-02.jpg,vung-tau,vung-tau,Vũng Tàu,Bà Rịa - Vũng Tàu,dataset/vung-tau/vung-tau-02.jpg
vung-tau-03.jpg,vung-tau,vung-tau,Vũng Tàu,Bà Rịa - Vũng Tàu,dataset/vung-tau/vung-tau-03.jpg
vung-tau-04.jpg,vung-tau,vung-tau,Vũng Tàu,Bà Rịa - Vũng Tàu,dataset/vung-tau/vung-tau-04.jpg
vung-tau-05.jpg,vung-tau,vung-tau,Vũng Tàu,Bà Rịa - Vũng Tàu,dataset/vung-tau/vung-tau-05.jpg
vung-tau-06.jpg,vung-tau,vung-tau,Vũng Tàu,Bà Rịa - Vũng Tàu,dataset/vung-tau/vung-tau-06.jpg
vung-tau-07.jpg,vung-tau,vung-tau,Vũng Tàu,Bà Rịa - Vũng Tàu,dataset/vung-tau/vung-tau-07.jpg
vung-tau-08.jpg,vung-tau,vung-tau,Vũng Tàu,Bà Rịa - Vũng Tàu,dataset/vung-tau/vung-tau-08.jpg
vung-tau-09.jpg,vung-tau,vung-tau,Vũng Tàu,Bà Rịa - Vũng Tàu,dataset/vung-tau/vung-tau-09.jpg
vung-tau-10.jpg,vung-tau,vung-tau,Vũng Tàu,Bà Rịa - Vũng Tàu,dataset/vung-tau/vung-tau-10.jpg
vung-tau-11.jpg,vung-tau,vung-tau,Vũng Tàu,Bà Rịa - Vũng Tàu,dataset/vung-tau/vung-tau-11.jpg
vung-tau-12.jpg,vung-tau,vung-tau,Vũng Tàu,Bà Rịa - Vũng Tàu,dataset/vung-tau/vung-tau-12.jpg
vung-tau-13.jpg,vung-tau,vung-tau,Vũng Tàu,Bà Rịa - Vũng Tàu,dataset/vung-tau/vung-tau-13.jpg
vung-tau-14.jpg,vung-tau,vung-tau,Vũng Tàu,Bà Rịa - Vũng Tàu,dataset/vung-tau/vung-tau-14.jpg
vung-tau-15.jpg,vung-tau,vung-tau,Vũng Tàu,Bà Rịa - Vũng Tàu,dataset/vung-tau/vung-tau-15.jpg
vung-tau-16.jpg,vung-tau,vung-tau,Vũng Tàu,Bà Rịa - Vũng Tàu,dataset/vung-tau/vung-tau-16.jpg
vung-tau-17.jpg,vung-tau,vung-tau,Vũng Tàu,Bà Rịa - Vũng Tàu,dataset/vung-tau/vung-tau-17.jpg
vung-tau-18.jpg,vung-tau,vung-tau,Vũng Tàu,Bà Rịa - Vũng Tàu,dataset/vung-tau/vung-tau-18.jpg
vung-tau-19.jpg,vung-tau,vung-tau,Vũng Tàu,Bà Rịa - Vũng Tàu,dataset/vung-tau/vung-tau-19.jpg
vung-tau-20.jpg,vung-tau,vung-tau,Vũng Tàu,Bà Rịa - Vũng Tàu,dataset/vung-tau/vung-tau-20.jpg
vung-tau-21.jpg,vung-tau,vung-tau,Vũng Tàu,Bà Rịa - Vũng Tàu,dataset/vung-tau/vung-tau-21.jpg
vung-tau-22.jpg,vung-tau,vung-tau,Vũng Tàu,Bà Rịa - Vũng Tàu,dataset/vung-tau/vung-tau-22.jpg
vung-tau-23.jpg,vung-tau,vung-tau,Vũng Tàu,Bà Rịa - Vũng Tàu,dataset/vung-tau/vung-tau-23.jpg
vung-tau-24.jpg,vung-tau,vung-tau,Vũng Tàu,Bà Rịa - Vũng Tàu,dataset/vung-tau/vung-tau-24.jpg
vung-tau-25.jpg,vung-tau,vung-tau,Vũng Tàu,Bà Rịa - Vũng Tàu,dataset/vung-tau/vung-tau-25.jpg
vung-tau-26.jpg,vung-tau,vung-tau,Vũng Tàu,Bà Rịa - Vũng Tàu,dataset/vung-tau/vung-tau-26.jpg
vung-tau-27.jpg,vung-tau,vung-tau,Vũng Tàu,Bà Rịa - Vũng Tàu,dataset/vung-tau/vung-tau-27.jpg
vung-tau-28.jpg,vung-tau,vung-tau,Vũng Tàu,Bà Rịa - Vũng Tàu,dataset/vung-tau/vung-tau-28.jpg
vung-tau-29.jpg,vung-tau,vung-tau,Vũng Tàu,Bà Rịa - Vũng Tàu,dataset/vung-tau/vung-tau-29.jpg
vung-tau-30.jpg,vung-tau,vung-tau,Vũng Tàu,Bà Rịa - Vũng Tàu,dataset/vung-tau/vung-tau-30.jpg
vung-tau-31.jpg,vung-tau,vung-tau,Vũng Tàu,Bà Rịa - Vũng Tàu,dataset/vung-tau/vung-tau-31.jpg
vung-tau-32.jpg,vung-tau,vung-tau,Vũng Tàu,Bà Rịa - Vũng Tàu,dataset/vung-tau/vung-tau-32.jpg
vung-tau-33.jpg,vung-tau,vung-tau,Vũng Tàu,Bà Rịa - Vũng Tàu,dataset/vung-tau/vung-tau-33.jpg
vung-tau-34.jpg,vung-tau,vung-tau,Vũng Tàu,Bà Rịa - Vũng Tàu,dataset/vung-tau/vung-tau-34.jpg
vung-tau-35.jpg,vung-tau,vung-tau,Vũng Tàu,Bà Rịa - Vũng Tàu,dataset/vung-tau/vung-tau-35.jpg
vung-tau-36.jpg,vung-tau,vung-tau,Vũng Tàu,Bà Rịa - Vũng Tàu,dataset/vung-tau/vung-tau-36.jpg
vung-tau-37.jpg,vung-tau,vung-tau,Vũng Tàu,Bà Rịa - Vũng Tàu,dataset/vung-tau/vung-tau-37.jpg
vung-tau-38.jpg,vung-tau,vung-tau,Vũng Tàu,Bà Rịa - Vũng Tàu,dataset/vung-tau/vung-tau-38.jpg
vung-tau-39.jpg,vung-tau,vung-tau,Vũng Tàu,Bà Rịa - Vũng Tàu,dataset/vung-tau/vung-tau-39.jpg
vung-tau-40.jpg,vung-tau,vung-tau,Vũng Tàu,Bà Rịa - Vũng Tàu,dataset/vung-tau/vung-tau-40.jpg
vung-tau-41.jpg,vung-tau,vung-tau,Vũng Tàu,Bà Rịa - Vũng Tàu,dataset/vung-tau/vung-tau-41.jpg
vung-tau-42.jpg,vung-tau,vung-tau,Vũng Tàu,Bà Rịa - Vũng Tàu,dataset/vung-tau/vung-tau-42.jpg
vung-tau-43.jpg,vung-tau,vung-tau,Vũng Tàu,Bà Rịa - Vũng Tàu,dataset/vung-tau/vung-tau-43.jpg
vung-tau-44.jpg,vung-tau,vung-tau,Vũng Tàu,Bà Rịa - Vũng Tàu,dataset/vung-tau/vung-tau-44.jpg
vung-tau-45.jpg,vung-tau,vung-tau,Vũng Tàu,Bà Rịa - Vũng Tàu,dataset/vung-tau/vung-tau-45.jpg
vung-tau-46.jpg,vung-tau,vung-tau,Vũng Tàu,Bà Rịa - Vũng Tàu,dataset/vung-tau/vung-tau-46.jpg
vung-tau-47.jpg,vung-tau,vung-tau,Vũng Tàu,Bà Rịa - Vũng Tàu,dataset/vung-tau/vung-tau-47.jpg
vung-tau-48.jpg,vung-tau,vung-tau,Vũng Tàu,Bà Rịa - Vũng Tàu,dataset/vung-tau/vung-tau-48.jpg
vung-tau-49.jpg,vung-tau,vung-tau,Vũng Tàu,Bà Rịa - Vũng Tàu,dataset/vung-tau/vung-tau-49.jpg
vung-tau-50.jpg,vung-tau,vung-tau,Vũng Tàu,Bà Rịa - Vũng Tàu,dataset/vung-tau/vung-tau-50.jpg
vung-tau-51.jpg,vung-tau,vung-tau,Vũng Tàu,Bà Rịa - Vũng Tàu,dataset/vung-tau/vung-tau-51.jpg
vung-tau-52.jpg,vung-tau,vung-tau,Vũng Tàu,Bà Rịa - Vũng Tàu,dataset/vung-tau/vung-tau-52.jpg
vung-tau-53.jpg,vung-tau,vung-tau,Vũng Tàu,Bà Rịa - Vũng Tàu,dataset/vung-tau/vung-tau-53.jpg
vung-tau-54.jpg,vung-tau,vung-tau,Vũng Tàu,Bà Rịa - Vũng Tàu,dataset/vung-tau/vung-tau-54.jpg
vung-tau-55.jpg,vung-tau,vung-tau,Vũng Tàu,Bà Rịa - Vũng Tàu,dataset/vung-tau/vung-tau-55.jpg
vung-tau-56.jpg,vung-tau,vung-tau,Vũng Tàu,Bà Rịa - Vũng Tàu,dataset/vung-tau/vung-tau-56.jpg
vung-tau-57.jpg,vung-tau,vung-tau,Vũng Tàu,Bà Rịa - Vũng Tàu,dataset/vung-tau/vung-tau-57.jpg
vung-tau-58.jpg,vung-tau,vung-tau,Vũng Tàu,Bà Rịa - Vũng Tàu,dataset/vung-tau/vung-tau-58.jpg
vung-tau-59.jpg,vung-tau,vung-tau,Vũng Tàu,Bà Rịa - Vũng Tàu,dataset/vung-tau/vung-tau-59.jpg
vung-tau-60.jpg,vung-tau,vung-tau,Vũng Tàu,Bà Rịa - Vũng Tàu,dataset/vung-tau/vung-tau-60.jpg
